Training_Record_ID,Batch_ID,Associate_ID,Experience_Level,RCM_Function,Client,Trainer_ID,Training_Type,Training_Mode,Training_Start_Date,Training_End_Date,Planned_Days,Actual_Days,Planned_Hours,Actual_Training_Hours,Productive_Hours,Non_Productive_Hours,Trainer_Available_Hours,Trainer_Utilization_Pct,Assessment_Score,Assessment_Attempts,First_Pass,Quality_Score,Productivity_Score,Floor_Support_Cases,Knowledge_Gap_Count,Retraining_Hours,Completion_Status,Month,Training_Week,Extended Training 
1,BAT202603-01,ASS0001,Fresher,CBR,Client Alpha,TR007,Generic Training,Classroom,2026-03-17 00:00:00,2026-03-21 00:00:00,5,5,40,38.3,31.4,6.9,38.7,99,76,1,Yes,81.8,84.4,1,0,0.9,Completed,Mar-2026,12,0
2,BAT202603-01,ASS0001,Fresher,CBR,Client Alpha,TR007,CST,Floor,2026-03-22 00:00:00,2026-03-24 00:00:00,3,3,24,19.8,14.4,5.4,23.6,83.9,67,3,No,95.1,81,2,0,3.4,Completed,Mar-2026,12,0
3,BAT202603-01,ASS0001,Fresher,CBR,Client Alpha,TR007,LAW,Floor,2026-03-25 00:00:00,2026-04-03 00:00:00,10,10,80,79.8,70.1,9.7,77.8,102.6,78,1,Yes,89,87.7,6,1,1.9,Completed,Mar-2026,13,0
4,BAT202604-01,ASS0001,Fresher,CBR,Client Alpha,TR007,OJT,Virtual,2026-04-04 00:00:00,2026-04-28 00:00:00,25,25,200,179.5,134,45.5,193.4,92.8,98,1,Yes,86.8,86.2,3,0,0.4,Completed,Apr-2026,14,0
5,BAT202601-01,ASS0002,Experienced,Billing,Client Alpha,TR001,Generic Training,Classroom,2026-01-09 00:00:00,2026-01-11 00:00:00,3,3,24,21.3,15.1,6.2,22.2,95.9,96,1,Yes,77,66.3,4,1,0.9,Completed,Jan-2026,2,0
6,BAT202601-01,ASS0002,Experienced,Billing,Client Alpha,TR001,CST,Floor,2026-01-12 00:00:00,2026-01-13 00:00:00,2,2,16,15.7,11.2,4.5,16.5,95.2,91,1,Yes,79.7,86.2,2,2,0.2,Completed,Jan-2026,3,0
7,BAT202601-01,ASS0002,Experienced,Billing,Client Alpha,TR001,LAW,Classroom,2026-01-14 00:00:00,2026-01-18 00:00:00,5,5,40,36.6,21.2,15.4,37.9,96.6,78,1,Yes,92,89.2,2,1,1.4,Completed,Jan-2026,3,0
8,BAT202601-01,ASS0002,Experienced,Billing,Client Alpha,TR001,OJT,Floor,2026-01-19 00:00:00,2026-02-02 00:00:00,15,15,120,111,72.5,38.5,113.2,98.1,76,1,Yes,69.3,94.6,2,1,2,Completed,Jan-2026,4,0
9,BAT202605-01,ASS0003,Fresher,AR,Revere Health,TR005,Generic Training,Hybrid,2026-05-13 00:00:00,2026-05-19 00:00:00,7,7,56,53.8,38.7,15.1,54.4,98.9,89,1,Yes,76.8,89.9,3,0,0.1,Completed,May-2026,20,0
10,BAT202605-01,ASS0003,Fresher,AR,Revere Health,TR005,CST,Classroom,2026-05-20 00:00:00,2026-05-23 00:00:00,4,4,32,28.3,16,12.3,34.2,82.7,82,1,Yes,90.3,72.9,2,1,1.3,Completed,May-2026,21,0
11,BAT202605-01,ASS0003,Fresher,AR,Revere Health,TR005,LAW,Hybrid,2026-05-24 00:00:00,2026-06-02 00:00:00,10,10,80,80,76,4,75.9,105.4,78,2,No,84.4,80.5,16,0,5,Completed,May-2026,21,0
12,BAT202606-01,ASS0003,Fresher,AR,Revere Health,TR005,OJT,Floor,2026-06-03 00:00:00,2026-06-27 00:00:00,25,25,200,190.2,162.5,27.7,211.7,89.8,74,1,Yes,89.3,63.1,8,0,1,Completed,Jun-2026,23,0
13,BAT202606-01,ASS0004,Experienced,AUTH,Revere Health,TR001,Generic Training,Classroom,2026-06-25 00:00:00,2026-06-27 00:00:00,3,3,24,23,17.7,5.3,23.1,99.6,80,1,Yes,88.7,85.4,0,1,0.8,Completed,Jun-2026,26,0
14,BAT202606-01,ASS0004,Experienced,AUTH,Revere Health,TR001,CST,Floor,2026-06-28 00:00:00,2026-06-29 00:00:00,2,2,16,15.1,11.8,3.3,15.5,97.4,71,1,Yes,79.2,71.7,2,1,1.2,Completed,Jun-2026,26,0
15,BAT202606-01,ASS0004,Experienced,AUTH,Revere Health,TR001,LAW,Virtual,2026-06-30 00:00:00,2026-07-03 00:00:00,5,4,40,36.3,25.7,10.6,37.6,96.5,66,2,No,100,81.6,4,2,5.7,Completed,Jun-2026,27,0
16,BAT202607-01,ASS0004,Experienced,AUTH,Revere Health,TR001,OJT,Hybrid,2026-07-04 00:00:00,2026-07-17 00:00:00,15,14,120,109,79,30,126.5,86.2,75,1,Yes,96.9,90.3,6,1,0.3,Completed,Jul-2026,27,0
17,BAT202605-01,ASS0005,Fresher,Payment Posting,Client Delta,TR008,Generic Training,Classroom,2026-05-02 00:00:00,2026-05-09 00:00:00,8,8,64,61.6,54.5,7.1,59.8,103,68,3,No,100,70.2,0,2,2.1,Completed,May-2026,18,0
18,BAT202605-01,ASS0005,Fresher,Payment Posting,Client Delta,TR008,CST,Floor,2026-05-10 00:00:00,2026-05-12 00:00:00,3,3,24,22.9,15.2,7.7,24.2,94.6,92,1,Yes,82.6,83.4,3,4,1.3,Completed,May-2026,19,0
19,BAT202605-01,ASS0005,Fresher,Payment Posting,Client Delta,TR008,LAW,Classroom,2026-05-13 00:00:00,2026-05-22 00:00:00,10,10,80,78.8,71,7.8,82,96.1,84,1,Yes,83.8,93.4,5,1,0.7,Completed,May-2026,20,0
20,BAT202605-01,ASS0005,Fresher,Payment Posting,Client Delta,TR008,OJT,Hybrid,2026-05-23 00:00:00,2026-06-16 00:00:00,25,25,200,193.4,177,16.4,202,95.7,81,1,Yes,89.6,81.2,6,0,1.4,Completed,May-2026,21,0
21,BAT202601-01,ASS0006,Experienced,Billing,Client Delta,TR001,Generic Training,Floor,2026-01-21 00:00:00,2026-01-22 00:00:00,2,2,16,13.6,8.6,5,16.1,84.5,85,1,Yes,85,68.6,0,0,1.9,Completed,Jan-2026,4,0
22,BAT202601-01,ASS0006,Experienced,Billing,Client Delta,TR001,CST,Floor,2026-01-23 00:00:00,2026-01-25 00:00:00,3,3,24,17.7,16,1.7,22.4,79,86,2,No,90.9,95.6,0,2,2.5,Completed,Jan-2026,4,0
23,BAT202601-01,ASS0006,Experienced,Billing,Client Delta,TR001,LAW,Classroom,2026-01-26 00:00:00,2026-02-01 00:00:00,5,7,40,34.1,19.8,14.3,37.6,90.7,74,1,Yes,84.3,61.6,4,2,1.9,Completed,Jan-2026,5,1
24,BAT202602-01,ASS0006,Experienced,Billing,Client Delta,TR001,OJT,Floor,2026-02-02 00:00:00,2026-02-16 00:00:00,15,15,120,120,94.7,25.3,127.7,94,77,1,Yes,86.6,91.8,7,0,0.6,Completed,Feb-2026,6,0
25,BAT202606-01,ASS0007,Experienced,AUTH,Client Beta,TR006,Generic Training,Virtual,2026-06-05 00:00:00,2026-06-06 00:00:00,2,2,16,13.9,12.2,1.7,16.3,85.3,74,1,Yes,79,78.8,0,0,0.3,Completed,Jun-2026,23,0
26,BAT202606-01,ASS0007,Experienced,AUTH,Client Beta,TR006,CST,Virtual,2026-06-07 00:00:00,2026-06-08 00:00:00,3,2,24,20.2,14.3,5.9,25.9,78,88,1,Yes,87.1,92.4,1,1,0.8,Completed,Jun-2026,23,0
27,BAT202606-01,ASS0007,Experienced,AUTH,Client Beta,TR006,LAW,Hybrid,2026-06-09 00:00:00,2026-06-13 00:00:00,5,5,40,35.9,26.2,9.7,37.1,96.8,85,1,Yes,100,83.7,7,0,0,Completed,Jun-2026,24,0
28,BAT202606-01,ASS0007,Experienced,AUTH,Client Beta,TR006,OJT,Floor,2026-06-14 00:00:00,2026-06-28 00:00:00,15,15,120,118.6,100.5,18.1,119.1,99.6,81,1,Yes,81.5,100,10,1,1,Completed,Jun-2026,24,0
29,BAT202607-01,ASS0008,Experienced,CBR,River Health,TR004,Generic Training,Virtual,2026-07-07 00:00:00,2026-07-08 00:00:00,2,2,16,13.6,11.4,2.2,17,80,85,1,Yes,75,60.3,3,2,0.4,Completed,Jul-2026,28,0
30,BAT202607-01,ASS0008,Experienced,CBR,River Health,TR004,CST,Hybrid,2026-07-09 00:00:00,2026-07-11 00:00:00,3,3,24,24,14.2,9.8,24.5,98,68,3,No,74.5,80.1,2,0,7.2,Completed,Jul-2026,28,0
31,BAT202607-01,ASS0008,Experienced,CBR,River Health,TR004,LAW,Floor,2026-07-12 00:00:00,2026-07-17 00:00:00,5,6,40,37.3,26,11.3,40.2,92.8,88,1,Yes,92.1,76.5,7,0,0.9,Completed,Jul-2026,28,1
32,BAT202607-01,ASS0008,Experienced,CBR,River Health,TR004,OJT,Floor,2026-07-18 00:00:00,2026-08-01 00:00:00,15,15,120,104,66.5,37.5,124.7,83.4,72,1,Yes,80.8,71.2,6,1,0.6,Completed,Jul-2026,29,0
33,BAT202607-01,ASS0009,Fresher,Payment Posting,River Health,TR008,Generic Training,Virtual,2026-07-10 00:00:00,2026-07-19 00:00:00,8,10,64,54.8,42.5,12.3,68.9,79.5,75,1,Yes,82.1,73.7,1,0,0.8,Completed,Jul-2026,28,1
34,BAT202607-01,ASS0009,Fresher,Payment Posting,River Health,TR008,CST,Classroom,2026-07-20 00:00:00,2026-07-25 00:00:00,5,6,40,36.3,27,9.3,38.9,93.3,84,1,Yes,90,72.2,3,1,0.5,Completed,Jul-2026,30,1
35,BAT202607-01,ASS0009,Fresher,Payment Posting,River Health,TR008,LAW,Hybrid,2026-07-26 00:00:00,2026-08-03 00:00:00,10,9,80,67.9,54.3,13.6,81.2,83.6,70,1,Yes,88.1,75.5,6,1,0.7,Completed,Jul-2026,30,0
36,BAT202608-01,ASS0009,Fresher,Payment Posting,River Health,TR008,OJT,Floor,2026-08-04 00:00:00,2026-08-29 00:00:00,25,26,200,188.6,142.8,45.8,213.1,88.5,75,3,No,91.3,80.1,7,2,4.7,Completed,Aug-2026,32,1
37,BAT202606-01,ASS0010,Experienced,AUTH,Client Gamma,TR003,Generic Training,Classroom,2026-06-19 00:00:00,2026-06-20 00:00:00,2,2,16,13.3,10.9,2.4,17,78.2,88,1,Yes,67.3,84.4,2,1,1.1,Completed,Jun-2026,25,0
38,BAT202606-01,ASS0010,Experienced,AUTH,Client Gamma,TR003,CST,Virtual,2026-06-21 00:00:00,2026-06-24 00:00:00,2,4,16,13.6,10.9,2.7,15.9,85.5,92,1,Yes,83.2,77.7,3,1,1.1,Completed,Jun-2026,25,1
39,BAT202606-01,ASS0010,Experienced,AUTH,Client Gamma,TR003,LAW,Floor,2026-06-25 00:00:00,2026-06-29 00:00:00,5,5,40,40,26.9,13.1,40.6,98.5,82,1,Yes,84.9,89.2,9,0,1.8,Completed,Jun-2026,26,0
40,BAT202606-01,ASS0010,Experienced,AUTH,Client Gamma,TR003,OJT,Floor,2026-06-30 00:00:00,2026-07-14 00:00:00,15,15,120,120,79.2,40.8,117.7,102,95,1,Yes,83.4,77.3,4,1,1.6,Completed,Jun-2026,27,0
41,BAT202601-02,ASS0011,Experienced,Billing,Client Beta,TR007,Generic Training,Classroom,2026-01-29 00:00:00,2026-02-01 00:00:00,3,4,24,20.3,9,11.3,25.1,80.9,83,1,Yes,92.2,80.1,1,0,0.4,Completed,Jan-2026,5,1
42,BAT202602-02,ASS0011,Experienced,Billing,Client Beta,TR007,CST,Classroom,2026-02-02 00:00:00,2026-02-03 00:00:00,2,2,16,15.3,11.7,3.6,15.7,97.5,82,1,Yes,94.9,83.8,1,1,0.7,Completed,Feb-2026,6,0
43,BAT202602-02,ASS0011,Experienced,Billing,Client Beta,TR007,LAW,Classroom,2026-02-04 00:00:00,2026-02-08 00:00:00,5,5,40,34.2,29.6,4.6,42.5,80.5,85,1,Yes,95.3,84.3,6,3,1.7,Completed,Feb-2026,6,0
44,BAT202602-02,ASS0011,Experienced,Billing,Client Beta,TR007,OJT,Classroom,2026-02-09 00:00:00,2026-02-23 00:00:00,15,15,120,120,66.9,53.1,112.1,107,85,1,Yes,100,83.5,11,3,1.8,Completed,Feb-2026,7,0
45,BAT202602-02,ASS0012,Experienced,Payment Posting,Revere Health,TR002,Generic Training,Hybrid,2026-02-20 00:00:00,2026-02-21 00:00:00,2,2,16,14.6,12.1,2.5,15.9,91.8,93,1,Yes,80.6,78.3,2,0,1,Completed,Feb-2026,8,0
46,BAT202602-02,ASS0012,Experienced,Payment Posting,Revere Health,TR002,CST,Floor,2026-02-22 00:00:00,2026-02-24 00:00:00,3,3,24,23.2,18.7,4.5,24.7,93.9,92,1,Yes,90.9,70,1,2,1,Completed,Feb-2026,8,0
47,BAT202602-02,ASS0012,Experienced,Payment Posting,Revere Health,TR002,LAW,Hybrid,2026-02-25 00:00:00,2026-02-28 00:00:00,5,4,40,37.4,17.3,20.1,37.2,100.5,76,1,Yes,88.5,73,11,1,1.8,Completed,Feb-2026,9,0
48,BAT202603-02,ASS0012,Experienced,Payment Posting,Revere Health,TR002,OJT,Classroom,2026-03-01 00:00:00,2026-03-15 00:00:00,15,15,120,106.3,82.3,24,117.1,90.8,83,1,Yes,72,80.8,6,1,1.2,Completed,Mar-2026,9,0
49,BAT202608-02,ASS0013,Fresher,Billing,River Health,TR003,Generic Training,Classroom,2026-08-21 00:00:00,2026-08-28 00:00:00,8,8,64,53.4,44.6,8.8,64.9,82.3,68,3,No,84.2,94.8,6,3,2.7,Completed,Aug-2026,34,0
50,BAT202608-02,ASS0013,Fresher,Billing,River Health,TR003,CST,Floor,2026-08-29 00:00:00,2026-09-02 00:00:00,5,5,40,39.3,27.5,11.8,40.9,96.1,80,1,Yes,91.3,89.9,0,1,1.1,Completed,Aug-2026,35,0
51,BAT202609-02,ASS0013,Fresher,Billing,River Health,TR003,LAW,Floor,2026-09-03 00:00:00,2026-09-12 00:00:00,10,10,80,75.6,62.1,13.5,85.6,88.3,61,2,No,75.7,86.1,8,4,4.9,Completed,Sep-2026,36,0
52,BAT202609-02,ASS0013,Fresher,Billing,River Health,TR003,OJT,Classroom,2026-09-13 00:00:00,2026-10-07 00:00:00,25,25,200,164.8,111.3,53.5,184.6,89.3,96,1,Yes,79,89.9,3,2,1.4,Completed,Sep-2026,37,0
53,BAT202608-02,ASS0014,Fresher,Payment Posting,Client Gamma,TR005,Generic Training,Virtual,2026-08-21 00:00:00,2026-08-29 00:00:00,7,9,56,53.5,43.5,10,51.8,103.3,81,1,Yes,86.4,77.2,1,4,1,Completed,Aug-2026,34,1
54,BAT202608-02,ASS0014,Fresher,Payment Posting,Client Gamma,TR005,CST,Hybrid,2026-08-30 00:00:00,2026-09-02 00:00:00,4,4,32,31.2,17.2,14,31.8,98.1,83,1,Yes,87.4,82,4,1,1,Completed,Aug-2026,35,0
55,BAT202609-02,ASS0014,Fresher,Payment Posting,Client Gamma,TR005,LAW,Hybrid,2026-09-03 00:00:00,2026-09-11 00:00:00,10,9,80,77.6,54.3,23.3,76.7,101.2,72,1,Yes,93.8,82.5,12,0,0.3,Completed,Sep-2026,36,0
56,BAT202609-02,ASS0014,Fresher,Payment Posting,Client Gamma,TR005,OJT,Classroom,2026-09-12 00:00:00,2026-10-06 00:00:00,25,25,200,180.4,135.6,44.8,213.1,84.7,75,1,Yes,94.3,81.1,0,0,1.1,Completed,Sep-2026,37,0
57,BAT202608-02,ASS0015,Experienced,Charge Entry,River Health,TR007,Generic Training,Hybrid,2026-08-16 00:00:00,2026-08-17 00:00:00,2,2,16,14.1,10.4,3.7,15.2,92.8,79,1,Yes,87.5,81.5,2,2,1.5,Completed,Aug-2026,33,0
58,BAT202608-02,ASS0015,Experienced,Charge Entry,River Health,TR007,CST,Virtual,2026-08-18 00:00:00,2026-08-20 00:00:00,3,3,24,22.1,14.4,7.7,25.2,87.7,81,1,Yes,81.3,100,3,0,0,Completed,Aug-2026,34,0
59,BAT202608-02,ASS0015,Experienced,Charge Entry,River Health,TR007,LAW,Classroom,2026-08-21 00:00:00,2026-08-25 00:00:00,5,5,40,39.2,28,11.2,38.9,100.8,94,1,Yes,86.9,86.6,9,2,1.7,Completed,Aug-2026,34,0
60,BAT202608-02,ASS0015,Experienced,Charge Entry,River Health,TR007,OJT,Classroom,2026-08-26 00:00:00,2026-09-09 00:00:00,15,15,120,117,70.6,46.4,125.7,93.1,100,1,Yes,82.6,77.2,2,0,1.8,Completed,Aug-2026,35,0
61,BAT202608-02,ASS0016,Experienced,Charge Entry,Revere Health,TR006,Generic Training,Classroom,2026-08-14 00:00:00,2026-08-16 00:00:00,3,3,24,21.6,19.4,2.2,23.6,91.5,81,1,Yes,74.6,66.1,2,1,0.6,Completed,Aug-2026,33,0
62,BAT202608-02,ASS0016,Experienced,Charge Entry,Revere Health,TR006,CST,Floor,2026-08-17 00:00:00,2026-08-18 00:00:00,2,2,16,15.6,11.8,3.8,16.5,94.5,86,1,Yes,78.3,81.5,2,1,0.7,Completed,Aug-2026,34,0
63,BAT202608-02,ASS0016,Experienced,Charge Entry,Revere Health,TR006,LAW,Classroom,2026-08-19 00:00:00,2026-08-23 00:00:00,5,5,40,37,24.1,12.9,40.3,91.8,71,1,Yes,83.8,91.9,5,3,0.7,Completed,Aug-2026,34,0
64,BAT202608-02,ASS0016,Experienced,Charge Entry,Revere Health,TR006,OJT,Classroom,2026-08-24 00:00:00,2026-09-07 00:00:00,15,15,120,117.3,99.9,17.4,127.1,92.3,83,1,Yes,89.2,100,2,0,2,Completed,Aug-2026,35,0
65,BAT202607-02,ASS0017,Fresher,AUTH,Client Gamma,TR005,Generic Training,Virtual,2026-07-06 00:00:00,2026-07-13 00:00:00,8,8,64,62.1,32.3,29.8,67.5,92,73,1,Yes,85.9,77.9,2,2,1,Completed,Jul-2026,28,0
66,BAT202607-02,ASS0017,Fresher,AUTH,Client Gamma,TR005,CST,Virtual,2026-07-14 00:00:00,2026-07-18 00:00:00,5,5,40,34.2,32.5,1.7,39.8,85.9,86,1,Yes,98.5,66.6,4,1,1.6,Completed,Jul-2026,29,0
67,BAT202607-02,ASS0017,Fresher,AUTH,Client Gamma,TR005,LAW,Hybrid,2026-07-19 00:00:00,2026-07-28 00:00:00,10,10,80,80,67.8,12.2,73.7,108.5,84,1,Yes,67.4,80.9,7,1,0.8,Completed,Jul-2026,29,0
68,BAT202607-02,ASS0017,Fresher,AUTH,Client Gamma,TR005,OJT,Virtual,2026-07-29 00:00:00,2026-08-22 00:00:00,25,25,200,179.2,136.8,42.4,203.4,88.1,79,1,Yes,81.3,62.5,5,0,1.1,Completed,Jul-2026,31,0
69,BAT202604-02,ASS0018,Experienced,AUTH,Client Beta,TR004,Generic Training,Floor,2026-04-25 00:00:00,2026-04-28 00:00:00,4,4,32,29.5,19.6,9.9,33,89.4,82,2,No,80.5,69.6,1,2,2.1,Completed,Apr-2026,17,0
70,BAT202604-02,ASS0018,Experienced,AUTH,Client Beta,TR004,CST,Classroom,2026-04-29 00:00:00,2026-05-01 00:00:00,3,3,24,23.5,17.1,6.4,25.7,91.4,86,1,Yes,69,84.9,1,1,0.4,Completed,Apr-2026,18,0
71,BAT202605-02,ASS0018,Experienced,AUTH,Client Beta,TR004,LAW,Hybrid,2026-05-02 00:00:00,2026-05-06 00:00:00,5,5,40,36.5,24.1,12.4,41.6,87.7,80,1,Yes,85.8,83.8,12,0,0.6,Completed,May-2026,18,0
72,BAT202605-02,ASS0018,Experienced,AUTH,Client Beta,TR004,OJT,Virtual,2026-05-07 00:00:00,2026-05-20 00:00:00,15,14,120,114,96,18,118,96.6,88,2,No,90.8,89,5,2,3.4,Completed,May-2026,19,0
73,BAT202601-02,ASS0019,Fresher,Charge Entry,River Health,TR006,Generic Training,Floor,2026-01-15 00:00:00,2026-01-21 00:00:00,7,7,56,52.6,46.4,6.2,56.2,93.6,88,1,Yes,86.5,65.7,2,1,1.8,Completed,Jan-2026,3,0
74,BAT202601-02,ASS0019,Fresher,Charge Entry,River Health,TR006,CST,Floor,2026-01-22 00:00:00,2026-01-24 00:00:00,4,3,32,30.4,22.3,8.1,32.9,92.4,85,1,Yes,85.2,67.9,1,2,0.2,Completed,Jan-2026,4,0
75,BAT202601-02,ASS0019,Fresher,Charge Entry,River Health,TR006,LAW,Virtual,2026-01-25 00:00:00,2026-02-03 00:00:00,10,10,80,76.7,54.7,22,80.3,95.5,82,1,Yes,96.5,85.3,6,0,0,Completed,Jan-2026,4,0
76,BAT202602-02,ASS0019,Fresher,Charge Entry,River Health,TR006,OJT,Hybrid,2026-02-04 00:00:00,2026-02-28 00:00:00,25,25,200,192.7,183.1,9.6,188.8,102.1,86,1,Yes,77.5,86.8,8,1,0.5,Completed,Feb-2026,6,0
77,BAT202608-02,ASS0020,Experienced,BRCM,Client Gamma,TR007,Generic Training,Virtual,2026-08-01 00:00:00,2026-08-03 00:00:00,3,3,24,21.6,14.2,7.4,23.7,91.1,68,2,No,92,81.1,1,3,2.6,Completed,Aug-2026,31,0
78,BAT202608-02,ASS0020,Experienced,BRCM,Client Gamma,TR007,CST,Floor,2026-08-04 00:00:00,2026-08-06 00:00:00,3,3,24,24,13.4,10.6,22.3,107.6,87,1,Yes,81.3,71.9,1,1,1.1,Completed,Aug-2026,32,0
79,BAT202608-02,ASS0020,Experienced,BRCM,Client Gamma,TR007,LAW,Virtual,2026-08-07 00:00:00,2026-08-11 00:00:00,5,5,40,38.7,36.1,2.6,41.6,93,70,1,Yes,76.1,98.7,7,0,1.3,Completed,Aug-2026,32,0
80,BAT202608-02,ASS0020,Experienced,BRCM,Client Gamma,TR007,OJT,Classroom,2026-08-12 00:00:00,2026-08-26 00:00:00,15,15,120,115.8,70.7,45.1,111.6,103.8,78,3,No,80,89.9,5,0,3.4,Completed,Aug-2026,33,0
81,BAT202608-03,ASS0021,Fresher,BRCM,River Health,TR005,Generic Training,Floor,2026-08-11 00:00:00,2026-08-15 00:00:00,5,5,40,36.3,29.1,7.2,40.2,90.3,86,1,Yes,81.8,62.1,2,1,0.4,Completed,Aug-2026,33,0
82,BAT202608-03,ASS0021,Fresher,BRCM,River Health,TR005,CST,Hybrid,2026-08-16 00:00:00,2026-08-18 00:00:00,3,3,24,24,16.2,7.8,24,100,76,3,No,94.7,86.7,0,2,5,Completed,Aug-2026,33,0
83,BAT202608-03,ASS0021,Fresher,BRCM,River Health,TR005,LAW,Virtual,2026-08-19 00:00:00,2026-08-28 00:00:00,10,10,80,73.4,45.6,27.8,74.3,98.8,87,1,Yes,86.4,82.6,7,1,1.4,Completed,Aug-2026,34,0
84,BAT202608-03,ASS0021,Fresher,BRCM,River Health,TR005,OJT,Floor,2026-08-29 00:00:00,2026-09-24 00:00:00,25,27,200,164.3,109,55.3,197.6,83.1,77,1,Yes,81.1,79,6,0,1.8,Completed,Aug-2026,35,1
85,BAT202604-03,ASS0022,Fresher,CBR,Client Alpha,TR003,Generic Training,Classroom,2026-04-06 00:00:00,2026-04-11 00:00:00,6,6,48,46.3,32.9,13.4,50.6,91.5,76,1,Yes,82.9,85.9,1,1,0.1,Completed,Apr-2026,15,0
86,BAT202604-03,ASS0022,Fresher,CBR,Client Alpha,TR003,CST,Classroom,2026-04-12 00:00:00,2026-04-14 00:00:00,4,3,32,32,18.6,13.4,32.8,97.6,74,1,Yes,72.1,82,1,3,1.9,Completed,Apr-2026,15,0
87,BAT202604-03,ASS0022,Fresher,CBR,Client Alpha,TR003,LAW,Classroom,2026-04-15 00:00:00,2026-04-24 00:00:00,10,10,80,76.6,49.6,27,74.7,102.5,80,3,No,83,81.1,9,1,2.4,Completed,Apr-2026,16,0
88,BAT202604-03,ASS0022,Fresher,CBR,Client Alpha,TR003,OJT,Hybrid,2026-04-25 00:00:00,2026-05-17 00:00:00,25,23,200,199.1,116.5,82.6,192.5,103.4,72,1,Yes,91.4,93.6,2,0,0.2,Completed,Apr-2026,17,0
89,BAT202603-03,ASS0023,Experienced,AR,Revere Health,TR008,Generic Training,Hybrid,2026-03-18 00:00:00,2026-03-20 00:00:00,3,3,24,23,14.4,8.6,22.9,100.4,88,1,Yes,95.8,75.6,6,1,0.9,Completed,Mar-2026,12,0
90,BAT202603-03,ASS0023,Experienced,AR,Revere Health,TR008,CST,Hybrid,2026-03-21 00:00:00,2026-03-22 00:00:00,2,2,16,15.9,11.1,4.8,16.6,95.8,79,3,No,92,78.4,2,1,2.3,Completed,Mar-2026,12,0
91,BAT202603-03,ASS0023,Experienced,AR,Revere Health,TR008,LAW,Floor,2026-03-23 00:00:00,2026-03-27 00:00:00,5,5,40,35.6,28.9,6.7,42.4,84,99,1,Yes,88.4,76,9,1,1.1,Completed,Mar-2026,13,0
92,BAT202603-03,ASS0023,Experienced,AR,Revere Health,TR008,OJT,Hybrid,2026-03-28 00:00:00,2026-04-11 00:00:00,15,15,120,114.8,88.8,26,126.4,90.8,85,1,Yes,88,80,8,0,1.5,Completed,Mar-2026,13,0
93,BAT202608-03,ASS0024,Experienced,Charge Entry,Client Alpha,TR003,Generic Training,Virtual,2026-08-15 00:00:00,2026-08-18 00:00:00,4,4,32,32,21.8,10.2,33.5,95.5,84,1,Yes,93.5,98.8,0,0,1.2,Completed,Aug-2026,33,0
94,BAT202608-03,ASS0024,Experienced,Charge Entry,Client Alpha,TR003,CST,Virtual,2026-08-19 00:00:00,2026-08-21 00:00:00,3,3,24,21.5,14.3,7.2,22.4,96,83,1,Yes,100,100,3,0,0.7,Completed,Aug-2026,34,0
95,BAT202608-03,ASS0024,Experienced,Charge Entry,Client Alpha,TR003,LAW,Virtual,2026-08-22 00:00:00,2026-08-26 00:00:00,5,5,40,39.9,31.4,8.5,37.9,105.3,54,3,No,92.4,85.6,7,5,5.4,Completed,Aug-2026,34,0
96,BAT202608-03,ASS0024,Experienced,Charge Entry,Client Alpha,TR003,OJT,Virtual,2026-08-27 00:00:00,2026-09-12 00:00:00,15,17,120,108.6,83.7,24.9,118.8,91.4,73,1,Yes,99.4,89.3,5,3,1.8,Completed,Aug-2026,35,1
97,BAT202603-03,ASS0025,Experienced,AUTH,Client Beta,TR001,Generic Training,Classroom,2026-03-15 00:00:00,2026-03-16 00:00:00,2,2,16,14.8,9.2,5.6,16.9,87.6,81,1,Yes,92.5,90.9,3,0,1.2,Completed,Mar-2026,11,0
98,BAT202603-03,ASS0025,Experienced,AUTH,Client Beta,TR001,CST,Virtual,2026-03-17 00:00:00,2026-03-19 00:00:00,3,3,24,21.6,12.7,8.9,25.3,85.4,71,1,Yes,84.8,79.6,2,2,2,Completed,Mar-2026,12,0
99,BAT202603-03,ASS0025,Experienced,AUTH,Client Beta,TR001,LAW,Hybrid,2026-03-20 00:00:00,2026-03-24 00:00:00,5,5,40,35.6,27.8,7.8,41.4,86,69,2,No,77.4,65.8,6,0,6.2,Completed,Mar-2026,12,0
100,BAT202603-03,ASS0025,Experienced,AUTH,Client Beta,TR001,OJT,Hybrid,2026-03-25 00:00:00,2026-04-08 00:00:00,15,15,120,120,85.4,34.6,119.2,100.7,73,1,Yes,89.5,91,4,0,1.6,Completed,Mar-2026,13,0
101,BAT202606-03,ASS0026,Fresher,AR,Client Beta,TR005,Generic Training,Hybrid,2026-06-07 00:00:00,2026-06-13 00:00:00,7,7,56,49.4,37.8,11.6,54.9,90,97,1,Yes,89,73.1,1,1,0.2,Completed,Jun-2026,23,0
102,BAT202606-03,ASS0026,Fresher,AR,Client Beta,TR005,CST,Classroom,2026-06-14 00:00:00,2026-06-17 00:00:00,4,4,32,30.3,20.2,10.1,34,89.1,76,1,Yes,96.2,74.9,1,1,1.1,Completed,Jun-2026,24,0
103,BAT202606-03,ASS0026,Fresher,AR,Client Beta,TR005,LAW,Classroom,2026-06-18 00:00:00,2026-06-27 00:00:00,10,10,80,67.7,57.5,10.2,86.4,78.4,100,1,Yes,87.5,95.6,10,2,1.4,Completed,Jun-2026,25,0
104,BAT202606-03,ASS0026,Fresher,AR,Client Beta,TR005,OJT,Hybrid,2026-06-28 00:00:00,2026-07-21 00:00:00,25,24,200,178.5,119.2,59.3,194.7,91.7,69,2,No,88.7,79,7,1,7,Completed,Jun-2026,26,0
105,BAT202602-03,ASS0027,Fresher,CBR,Client Beta,TR003,Generic Training,Classroom,2026-02-07 00:00:00,2026-02-11 00:00:00,5,5,40,39.4,33.3,6.1,38.8,101.5,66,2,No,96,86.3,1,0,6.1,Completed,Feb-2026,6,0
106,BAT202602-03,ASS0027,Fresher,CBR,Client Beta,TR003,CST,Classroom,2026-02-12 00:00:00,2026-02-16 00:00:00,5,5,40,38.5,31.1,7.4,42.6,90.4,78,1,Yes,81.2,80.1,4,2,0.3,Completed,Feb-2026,7,0
107,BAT202602-03,ASS0027,Fresher,CBR,Client Beta,TR003,LAW,Classroom,2026-02-17 00:00:00,2026-02-26 00:00:00,10,10,80,68.9,45.6,23.3,82.7,83.3,72,1,Yes,83.6,81,2,5,1.1,Extended,Feb-2026,8,0
108,BAT202602-03,ASS0027,Fresher,CBR,Client Beta,TR003,OJT,Classroom,2026-02-27 00:00:00,2026-03-23 00:00:00,25,25,200,200,188,12,210.4,95.1,87,1,Yes,83,79.2,2,0,0.5,Completed,Feb-2026,9,0
109,BAT202603-03,ASS0028,Experienced,BRCM,Client Alpha,TR004,Generic Training,Virtual,2026-03-13 00:00:00,2026-03-15 00:00:00,3,3,24,23.4,22.1,1.3,24.9,94,76,1,Yes,92.4,90.5,2,1,1.7,Completed,Mar-2026,11,0
110,BAT202603-03,ASS0028,Experienced,BRCM,Client Alpha,TR004,CST,Classroom,2026-03-16 00:00:00,2026-03-16 00:00:00,2,1,16,14.4,9.6,4.8,16,90,84,3,No,90.1,95.7,4,0,4.3,Completed,Mar-2026,12,0
111,BAT202603-03,ASS0028,Experienced,BRCM,Client Alpha,TR004,LAW,Hybrid,2026-03-17 00:00:00,2026-03-21 00:00:00,5,5,40,38.6,28.3,10.3,38.9,99.2,96,1,Yes,90.9,75.8,4,1,1.2,Completed,Mar-2026,12,0
112,BAT202603-03,ASS0028,Experienced,BRCM,Client Alpha,TR004,OJT,Classroom,2026-03-22 00:00:00,2026-04-05 00:00:00,15,15,120,114.2,83.2,31,126.1,90.6,67,3,No,88.4,84.9,4,2,7.3,Completed,Mar-2026,12,0
113,BAT202608-03,ASS0029,Experienced,AR,Client Alpha,TR005,Generic Training,Classroom,2026-08-30 00:00:00,2026-09-02 00:00:00,4,4,32,28.7,16.3,12.4,33.1,86.7,63,3,No,73.3,70.2,4,1,7.2,Completed,Aug-2026,35,0
114,BAT202609-03,ASS0029,Experienced,AR,Client Alpha,TR005,CST,Virtual,2026-09-03 00:00:00,2026-09-04 00:00:00,2,2,16,15.8,13.1,2.7,16.4,96.3,87,1,Yes,87.5,73.8,3,2,1,Completed,Sep-2026,36,0
115,BAT202609-03,ASS0029,Experienced,AR,Client Alpha,TR005,LAW,Hybrid,2026-09-05 00:00:00,2026-09-09 00:00:00,5,5,40,38.7,23.7,15,39.4,98.2,84,1,Yes,99.5,85.2,8,0,1.1,Completed,Sep-2026,36,0
116,BAT202609-03,ASS0029,Experienced,AR,Client Alpha,TR005,OJT,Classroom,2026-09-10 00:00:00,2026-09-24 00:00:00,15,15,120,120,69.5,50.5,117.9,101.8,86,1,Yes,100,68.2,3,1,0.3,Completed,Sep-2026,37,0
117,BAT202607-03,ASS0030,Experienced,CBR,Revere Health,TR008,Generic Training,Hybrid,2026-07-16 00:00:00,2026-07-19 00:00:00,4,4,32,25.6,19.3,6.3,30.6,83.7,86,1,Yes,96.6,83.1,3,2,0.2,Completed,Jul-2026,29,0
118,BAT202607-03,ASS0030,Experienced,CBR,Revere Health,TR008,CST,Virtual,2026-07-20 00:00:00,2026-07-22 00:00:00,3,3,24,24,16.9,7.1,23.5,102.1,89,1,Yes,79.3,77.6,1,1,2,Completed,Jul-2026,30,0
119,BAT202607-03,ASS0030,Experienced,CBR,Revere Health,TR008,LAW,Hybrid,2026-07-23 00:00:00,2026-07-27 00:00:00,5,5,40,38.1,24.5,13.6,37.8,100.8,81,1,Yes,89.2,76.8,10,1,1.6,Completed,Jul-2026,30,0
120,BAT202607-03,ASS0030,Experienced,CBR,Revere Health,TR008,OJT,Hybrid,2026-07-28 00:00:00,2026-08-11 00:00:00,15,15,120,107.9,66.4,41.5,127.9,84.4,69,3,No,76.2,87,3,3,6.7,Completed,Jul-2026,31,0
121,BAT202606-04,ASS0031,Fresher,BRCM,Client Beta,TR008,Generic Training,Virtual,2026-06-22 00:00:00,2026-06-28 00:00:00,6,7,48,44.8,27,17.8,48.1,93.1,81,1,Yes,89.1,64.3,1,1,1.7,Completed,Jun-2026,26,1
122,BAT202606-04,ASS0031,Fresher,BRCM,Client Beta,TR008,CST,Virtual,2026-06-29 00:00:00,2026-07-04 00:00:00,4,6,32,32,26.9,5.1,33.8,94.7,78,1,Yes,90.4,82.9,1,1,1.8,Completed,Jun-2026,27,1
123,BAT202607-04,ASS0031,Fresher,BRCM,Client Beta,TR008,LAW,Floor,2026-07-05 00:00:00,2026-07-14 00:00:00,10,10,80,80,59.1,20.9,84.2,95,100,1,Yes,84.1,74.3,6,0,0,Extended,Jul-2026,27,0
124,BAT202607-04,ASS0031,Fresher,BRCM,Client Beta,TR008,OJT,Virtual,2026-07-15 00:00:00,2026-08-08 00:00:00,25,25,200,192.9,148.8,44.1,186.1,103.7,89,1,Yes,92.4,89.5,6,0,0.2,Completed,Jul-2026,29,0
125,BAT202602-04,ASS0032,Experienced,CBR,River Health,TR008,Generic Training,Hybrid,2026-02-18 00:00:00,2026-02-19 00:00:00,2,2,16,14.6,10.2,4.4,15.8,92.4,96,1,Yes,86,65.9,1,1,1,Completed,Feb-2026,8,0
126,BAT202602-04,ASS0032,Experienced,CBR,River Health,TR008,CST,Floor,2026-02-20 00:00:00,2026-02-21 00:00:00,2,2,16,14.3,10.4,3.9,15.9,89.9,82,1,Yes,96.9,68.9,0,1,0.1,Completed,Feb-2026,8,0
127,BAT202602-04,ASS0032,Experienced,CBR,River Health,TR008,LAW,Classroom,2026-02-22 00:00:00,2026-02-26 00:00:00,5,5,40,39.5,24.6,14.9,36.8,107.3,86,1,Yes,90,70.4,6,1,0.6,Completed,Feb-2026,8,0
128,BAT202602-04,ASS0032,Experienced,CBR,River Health,TR008,OJT,Virtual,2026-02-27 00:00:00,2026-03-13 00:00:00,15,15,120,113.3,71.8,41.5,117.8,96.2,93,1,Yes,75.2,73.8,8,2,0.3,Completed,Feb-2026,9,0
129,BAT202601-04,ASS0033,Experienced,CBR,Revere Health,TR005,Generic Training,Classroom,2026-01-28 00:00:00,2026-01-31 00:00:00,4,4,32,32,21.7,10.3,33.4,95.8,57,3,No,85.8,67.6,1,3,5.9,Completed,Jan-2026,5,0
130,BAT202602-04,ASS0033,Experienced,CBR,Revere Health,TR005,CST,Classroom,2026-02-01 00:00:00,2026-02-02 00:00:00,2,2,16,12.8,8.9,3.9,16.4,78,85,1,Yes,73.6,90.2,1,1,0.4,Completed,Feb-2026,5,0
131,BAT202602-04,ASS0033,Experienced,CBR,Revere Health,TR005,LAW,Hybrid,2026-02-03 00:00:00,2026-02-07 00:00:00,5,5,40,35.5,20.5,15,39.7,89.4,64,2,No,87,71.2,11,1,2.8,Completed,Feb-2026,6,0
132,BAT202602-04,ASS0033,Experienced,CBR,Revere Health,TR005,OJT,Floor,2026-02-08 00:00:00,2026-02-22 00:00:00,15,15,120,118.5,76.3,42.2,123.1,96.3,83,1,Yes,77,77.3,5,2,1.1,Completed,Feb-2026,6,0
133,BAT202608-04,ASS0034,Experienced,AR,Client Gamma,TR001,Generic Training,Floor,2026-08-06 00:00:00,2026-08-09 00:00:00,4,4,32,30.7,22.6,8.1,32.3,95,75,1,Yes,100,90.5,2,1,1.5,Completed,Aug-2026,32,0
134,BAT202608-04,ASS0034,Experienced,AR,Client Gamma,TR001,CST,Classroom,2026-08-10 00:00:00,2026-08-12 00:00:00,3,3,24,24,14.6,9.4,23.9,100.4,72,3,No,75.6,97.8,2,2,2.9,Completed,Aug-2026,33,0
135,BAT202608-04,ASS0034,Experienced,AR,Client Gamma,TR001,LAW,Classroom,2026-08-13 00:00:00,2026-08-15 00:00:00,5,3,40,35.6,33.1,2.5,40.9,87,65,2,No,87.5,88.5,12,3,3.3,Completed,Aug-2026,33,0
136,BAT202608-04,ASS0034,Experienced,AR,Client Gamma,TR001,OJT,Hybrid,2026-08-16 00:00:00,2026-08-30 00:00:00,15,15,120,114.1,72.8,41.3,126.8,90,95,1,Yes,90.2,80.8,7,3,1.1,Extended,Aug-2026,33,0
137,BAT202604-04,ASS0035,Experienced,CBR,River Health,TR008,Generic Training,Virtual,2026-04-18 00:00:00,2026-04-20 00:00:00,3,3,24,22.3,14.1,8.2,23.6,94.5,81,1,Yes,82.1,78.4,3,4,1.6,Completed,Apr-2026,16,0
138,BAT202604-04,ASS0035,Experienced,CBR,River Health,TR008,CST,Classroom,2026-04-21 00:00:00,2026-04-22 00:00:00,2,2,16,14.4,7.5,6.9,14.8,97.3,90,1,Yes,80.3,76,1,0,0.4,Completed,Apr-2026,17,0
139,BAT202604-04,ASS0035,Experienced,CBR,River Health,TR008,LAW,Classroom,2026-04-23 00:00:00,2026-04-27 00:00:00,5,5,40,33.9,31.1,2.8,42.8,79.2,87,1,Yes,100,73,12,1,1.6,Completed,Apr-2026,17,0
140,BAT202604-04,ASS0035,Experienced,CBR,River Health,TR008,OJT,Hybrid,2026-04-28 00:00:00,2026-05-12 00:00:00,15,15,120,103.2,87.1,16.1,110.4,93.5,71,1,Yes,78.4,86.2,4,1,0.1,Completed,Apr-2026,18,0
141,BAT202603-04,ASS0036,Experienced,AR,Client Delta,TR007,Generic Training,Hybrid,2026-03-30 00:00:00,2026-03-31 00:00:00,2,2,16,16,12.8,3.2,17.2,93,79,1,Yes,95.1,93.9,2,1,1.2,Completed,Mar-2026,14,0
142,BAT202604-04,ASS0036,Experienced,AR,Client Delta,TR007,CST,Floor,2026-04-01 00:00:00,2026-04-03 00:00:00,3,3,24,21.1,15.4,5.7,23.2,90.9,73,1,Yes,89.8,76.3,2,2,1,Completed,Apr-2026,14,0
143,BAT202604-04,ASS0036,Experienced,AR,Client Delta,TR007,LAW,Classroom,2026-04-04 00:00:00,2026-04-08 00:00:00,5,5,40,39.1,27.4,11.7,41.8,93.5,87,1,Yes,93.1,90.2,14,1,0.1,Completed,Apr-2026,14,0
144,BAT202604-04,ASS0036,Experienced,AR,Client Delta,TR007,OJT,Floor,2026-04-09 00:00:00,2026-04-23 00:00:00,15,15,120,112.3,80.2,32.1,118,95.2,86,1,Yes,93.1,87.8,6,0,1.7,Completed,Apr-2026,15,0
145,BAT202605-04,ASS0037,Fresher,Charge Entry,River Health,TR004,Generic Training,Classroom,2026-05-04 00:00:00,2026-05-09 00:00:00,6,6,48,44.5,29.9,14.6,47.3,94.1,82,1,Yes,86.8,78.1,0,2,1.2,Completed,May-2026,19,0
146,BAT202605-04,ASS0037,Fresher,Charge Entry,River Health,TR004,CST,Hybrid,2026-05-10 00:00:00,2026-05-14 00:00:00,5,5,40,36.6,23.9,12.7,41.5,88.2,79,1,Yes,81.9,84.1,1,0,1.6,Extended,May-2026,19,0
147,BAT202605-04,ASS0037,Fresher,Charge Entry,River Health,TR004,LAW,Floor,2026-05-15 00:00:00,2026-05-24 00:00:00,10,10,80,77.2,54.3,22.9,81.7,94.5,86,1,Yes,85.7,85.9,6,2,1.2,Completed,May-2026,20,0
148,BAT202605-04,ASS0037,Fresher,Charge Entry,River Health,TR004,OJT,Classroom,2026-05-25 00:00:00,2026-06-18 00:00:00,25,25,200,188.5,169,19.5,187.7,100.4,75,1,Yes,86.9,73.2,8,1,0.4,Completed,May-2026,22,0
149,BAT202604-04,ASS0038,Experienced,CBR,Client Delta,TR003,Generic Training,Floor,2026-04-14 00:00:00,2026-04-16 00:00:00,3,3,24,22.2,15.9,6.3,23.3,95.3,66,3,No,90.1,89.6,2,1,6.8,Completed,Apr-2026,16,0
150,BAT202604-04,ASS0038,Experienced,CBR,Client Delta,TR003,CST,Classroom,2026-04-17 00:00:00,2026-04-19 00:00:00,3,3,24,24,17.4,6.6,25.6,93.8,95,1,Yes,100,87.4,2,0,0.7,Completed,Apr-2026,16,0
151,BAT202604-04,ASS0038,Experienced,CBR,Client Delta,TR003,LAW,Hybrid,2026-04-20 00:00:00,2026-04-22 00:00:00,5,3,40,35.3,18.8,16.5,38.9,90.7,86,1,Yes,75.2,67.2,11,3,1.6,Completed,Apr-2026,17,0
152,BAT202604-04,ASS0038,Experienced,CBR,Client Delta,TR003,OJT,Virtual,2026-04-23 00:00:00,2026-05-07 00:00:00,15,15,120,104.7,78.8,25.9,119.4,87.7,90,1,Yes,100,81.5,6,0,0.4,Completed,Apr-2026,17,0
153,BAT202605-04,ASS0039,Fresher,Billing,Client Delta,TR006,Generic Training,Floor,2026-05-05 00:00:00,2026-05-09 00:00:00,5,5,40,38.9,24,14.9,39.1,99.5,83,1,Yes,87.3,78.7,1,0,1.7,Completed,May-2026,19,0
154,BAT202605-04,ASS0039,Fresher,Billing,Client Delta,TR006,CST,Hybrid,2026-05-10 00:00:00,2026-05-13 00:00:00,4,4,32,28.9,22.4,6.5,29.8,97,79,3,No,74.9,96.5,1,3,7.3,Completed,May-2026,19,0
155,BAT202605-04,ASS0039,Fresher,Billing,Client Delta,TR006,LAW,Floor,2026-05-14 00:00:00,2026-05-23 00:00:00,10,10,80,63.9,39.3,24.6,80.2,79.7,58,3,No,77.5,71.6,2,1,2.1,Completed,May-2026,20,0
156,BAT202605-04,ASS0039,Fresher,Billing,Client Delta,TR006,OJT,Classroom,2026-05-24 00:00:00,2026-06-17 00:00:00,25,25,200,196.9,136.2,60.7,191,103.1,86,1,Yes,84.3,78.9,3,2,0.8,Completed,May-2026,21,0
157,BAT202606-04,ASS0040,Fresher,Billing,River Health,TR003,Generic Training,Classroom,2026-06-21 00:00:00,2026-06-27 00:00:00,7,7,56,43.8,31.6,12.2,57.7,75.9,85,1,Yes,93.4,84.5,0,0,0.8,Completed,Jun-2026,25,0
158,BAT202606-04,ASS0040,Fresher,Billing,River Health,TR003,CST,Hybrid,2026-06-28 00:00:00,2026-07-01 00:00:00,4,4,32,28.3,20.5,7.8,33.2,85.2,67,2,No,90.3,95.3,4,4,2.8,Completed,Jun-2026,26,0
159,BAT202607-04,ASS0040,Fresher,Billing,River Health,TR003,LAW,Classroom,2026-07-02 00:00:00,2026-07-11 00:00:00,10,10,80,80,76,4,83.1,96.3,78,1,Yes,95.7,81.6,4,3,1,Completed,Jul-2026,27,0
160,BAT202607-04,ASS0040,Fresher,Billing,River Health,TR003,OJT,Hybrid,2026-07-12 00:00:00,2026-08-07 00:00:00,25,27,200,185.6,132.4,53.2,196.1,94.6,76,1,Yes,91.6,96.9,3,2,1.3,Completed,Jul-2026,28,1
161,BAT202606-05,ASS0041,Fresher,AUTH,Revere Health,TR007,Generic Training,Hybrid,2026-06-17 00:00:00,2026-06-24 00:00:00,8,8,64,62.9,50.3,12.6,66.6,94.4,82,1,Yes,97.3,92.7,1,3,1.8,Completed,Jun-2026,25,0
162,BAT202606-05,ASS0041,Fresher,AUTH,Revere Health,TR007,CST,Classroom,2026-06-25 00:00:00,2026-06-27 00:00:00,3,3,24,24,14.8,9.2,23.7,101.3,85,1,Yes,78.1,91.3,1,2,0.2,Completed,Jun-2026,26,0
163,BAT202606-05,ASS0041,Fresher,AUTH,Revere Health,TR007,LAW,Hybrid,2026-06-28 00:00:00,2026-07-07 00:00:00,10,10,80,80,54.2,25.8,83.6,95.7,93,1,Yes,90.8,71.1,8,1,0.2,Completed,Jun-2026,26,0
164,BAT202607-05,ASS0041,Fresher,AUTH,Revere Health,TR007,OJT,Virtual,2026-07-08 00:00:00,2026-08-01 00:00:00,25,25,200,198.7,123,75.7,205.3,96.8,62,2,No,72.4,79.4,8,0,6.5,Completed,Jul-2026,28,0
165,BAT202606-05,ASS0042,Experienced,CBR,Client Delta,TR008,Generic Training,Classroom,2026-06-29 00:00:00,2026-07-02 00:00:00,4,4,32,32,19.3,12.7,33.4,95.8,71,2,No,76.7,94.1,2,2,7,Completed,Jun-2026,27,0
166,BAT202607-05,ASS0042,Experienced,CBR,Client Delta,TR008,CST,Floor,2026-07-03 00:00:00,2026-07-05 00:00:00,3,3,24,21.7,20,1.7,25.6,84.8,92,1,Yes,99.1,99.5,4,1,1.1,Completed,Jul-2026,27,0
167,BAT202607-05,ASS0042,Experienced,CBR,Client Delta,TR008,LAW,Floor,2026-07-06 00:00:00,2026-07-10 00:00:00,5,5,40,40,31,9,37.9,105.5,88,1,Yes,98.8,100,9,1,1.3,Completed,Jul-2026,28,0
168,BAT202607-05,ASS0042,Experienced,CBR,Client Delta,TR008,OJT,Floor,2026-07-11 00:00:00,2026-07-25 00:00:00,15,15,120,109.2,84.3,24.9,121.8,89.7,95,1,Yes,89.3,86.6,6,0,0.1,Extended,Jul-2026,28,0
169,BAT202608-05,ASS0043,Fresher,AUTH,Client Delta,TR002,Generic Training,Classroom,2026-08-01 00:00:00,2026-08-08 00:00:00,8,8,64,55.8,43.7,12.1,68.9,81,88,1,Yes,79.6,84.9,2,3,0.8,Completed,Aug-2026,31,0
170,BAT202608-05,ASS0043,Fresher,AUTH,Client Delta,TR002,CST,Hybrid,2026-08-09 00:00:00,2026-08-12 00:00:00,5,4,40,37.8,24.7,13.1,43,87.9,74,1,Yes,82.1,79.2,1,1,1.6,Extended,Aug-2026,32,0
171,BAT202608-05,ASS0043,Fresher,AUTH,Client Delta,TR002,LAW,Classroom,2026-08-13 00:00:00,2026-08-22 00:00:00,10,10,80,70.3,45.3,25,80.8,87,78,1,Yes,81.4,77.4,6,1,1.2,Completed,Aug-2026,33,0
172,BAT202608-05,ASS0043,Fresher,AUTH,Client Delta,TR002,OJT,Virtual,2026-08-23 00:00:00,2026-09-16 00:00:00,25,25,200,190.2,143.6,46.6,207.2,91.8,71,1,Yes,79.2,81.8,3,2,1.7,Completed,Aug-2026,34,0
173,BAT202603-05,ASS0044,Fresher,AR,Client Gamma,TR007,Generic Training,Classroom,2026-03-26 00:00:00,2026-04-03 00:00:00,8,9,64,60.2,41.2,19,66,91.2,100,1,Yes,82.9,92.9,0,1,1.8,Completed,Mar-2026,13,1
174,BAT202604-05,ASS0044,Fresher,AR,Client Gamma,TR007,CST,Hybrid,2026-04-04 00:00:00,2026-04-06 00:00:00,3,3,24,24,17.4,6.6,22.7,105.7,95,1,Yes,94.8,82.4,4,2,1.8,Completed,Apr-2026,14,0
175,BAT202604-05,ASS0044,Fresher,AR,Client Gamma,TR007,LAW,Hybrid,2026-04-07 00:00:00,2026-04-16 00:00:00,10,10,80,80,73.9,6.1,81.6,98,94,1,Yes,81.5,94.4,6,1,0.8,Completed,Apr-2026,15,0
176,BAT202604-05,ASS0044,Fresher,AR,Client Gamma,TR007,OJT,Hybrid,2026-04-17 00:00:00,2026-05-11 00:00:00,25,25,200,177.5,134.6,42.9,199,89.2,65,2,No,85.8,72.9,3,2,4.9,Completed,Apr-2026,16,0
177,BAT202604-05,ASS0045,Fresher,BRCM,Client Gamma,TR006,Generic Training,Floor,2026-04-10 00:00:00,2026-04-15 00:00:00,6,6,48,48,33.2,14.8,47.5,101.1,69,2,No,91.2,82.2,1,1,2.1,Completed,Apr-2026,15,0
178,BAT202604-05,ASS0045,Fresher,BRCM,Client Gamma,TR006,CST,Classroom,2026-04-16 00:00:00,2026-04-18 00:00:00,3,3,24,23.8,15.8,8,25,95.2,85,1,Yes,79.5,76.5,2,0,1.4,Completed,Apr-2026,16,0
179,BAT202604-05,ASS0045,Fresher,BRCM,Client Gamma,TR006,LAW,Classroom,2026-04-19 00:00:00,2026-04-28 00:00:00,10,10,80,74.4,58.5,15.9,85.9,86.6,82,1,Yes,96.4,75,11,0,1.4,Completed,Apr-2026,16,0
180,BAT202604-05,ASS0045,Fresher,BRCM,Client Gamma,TR006,OJT,Classroom,2026-04-29 00:00:00,2026-05-23 00:00:00,25,25,200,173.5,106,67.5,206.7,83.9,69,3,No,92.8,77.5,6,1,4.7,Completed,Apr-2026,18,0
181,BAT202605-05,ASS0046,Experienced,Billing,Client Delta,TR002,Generic Training,Classroom,2026-05-02 00:00:00,2026-05-04 00:00:00,3,3,24,23.2,20.2,3,23.7,97.9,72,1,Yes,100,79.3,2,1,1.5,Completed,May-2026,18,0
182,BAT202605-05,ASS0046,Experienced,Billing,Client Delta,TR002,CST,Classroom,2026-05-05 00:00:00,2026-05-06 00:00:00,2,2,16,15.6,11.1,4.5,14.8,105.4,63,3,No,89.3,75.6,3,1,7.2,Completed,May-2026,19,0
183,BAT202605-05,ASS0046,Experienced,Billing,Client Delta,TR002,LAW,Classroom,2026-05-07 00:00:00,2026-05-11 00:00:00,5,5,40,35.8,31.7,4.1,42.5,84.2,88,1,Yes,86.7,90.1,3,2,1.7,Completed,May-2026,19,0
184,BAT202605-05,ASS0046,Experienced,Billing,Client Delta,TR002,OJT,Classroom,2026-05-12 00:00:00,2026-05-26 00:00:00,15,15,120,107.6,80.6,27,110.9,97,85,1,Yes,73.5,85.8,4,1,2,Completed,May-2026,20,0
185,BAT202607-05,ASS0047,Experienced,BRCM,River Health,TR007,Generic Training,Floor,2026-07-05 00:00:00,2026-07-07 00:00:00,3,3,24,21.9,16.7,5.2,25,87.6,82,1,Yes,81,77.6,2,1,0.4,Completed,Jul-2026,27,0
186,BAT202607-05,ASS0047,Experienced,BRCM,River Health,TR007,CST,Floor,2026-07-08 00:00:00,2026-07-08 00:00:00,2,1,16,16,10.7,5.3,15.6,102.6,84,1,Yes,91.1,83.5,1,2,0.5,Completed,Jul-2026,28,0
187,BAT202607-05,ASS0047,Experienced,BRCM,River Health,TR007,LAW,Classroom,2026-07-09 00:00:00,2026-07-13 00:00:00,5,5,40,40,34.2,5.8,37.8,105.8,89,3,No,77.3,86.3,7,1,4.5,Completed,Jul-2026,28,0
188,BAT202607-05,ASS0047,Experienced,BRCM,River Health,TR007,OJT,Hybrid,2026-07-14 00:00:00,2026-07-28 00:00:00,15,15,120,120,88.2,31.8,113.2,106,92,1,Yes,100,82.2,11,3,0.8,Completed,Jul-2026,29,0
189,BAT202601-05,ASS0048,Experienced,AUTH,River Health,TR002,Generic Training,Hybrid,2026-01-19 00:00:00,2026-01-21 00:00:00,3,3,24,22.4,16.6,5.8,25.2,88.9,83,1,Yes,93.9,92,1,1,0.8,Completed,Jan-2026,4,0
190,BAT202601-05,ASS0048,Experienced,AUTH,River Health,TR002,CST,Classroom,2026-01-22 00:00:00,2026-01-24 00:00:00,3,3,24,24,20.8,3.2,24.5,98,79,3,No,96.3,92.9,0,1,5.3,Completed,Jan-2026,4,0
191,BAT202601-05,ASS0048,Experienced,AUTH,River Health,TR002,LAW,Hybrid,2026-01-25 00:00:00,2026-01-29 00:00:00,5,5,40,36.8,25.3,11.5,42.9,85.8,96,2,No,82.2,71.3,4,1,3.7,Completed,Jan-2026,4,0
192,BAT202601-05,ASS0048,Experienced,AUTH,River Health,TR002,OJT,Classroom,2026-01-30 00:00:00,2026-02-13 00:00:00,15,15,120,120,81.7,38.3,111.2,107.9,68,2,No,83.1,81.2,1,3,3.7,Completed,Jan-2026,5,0
193,BAT202603-05,ASS0049,Experienced,AR,Client Delta,TR008,Generic Training,Hybrid,2026-03-08 00:00:00,2026-03-09 00:00:00,2,2,16,14.4,8.8,5.6,16.7,86.2,78,1,Yes,84.3,67.6,1,1,1.4,Completed,Mar-2026,10,0
194,BAT202603-05,ASS0049,Experienced,AR,Client Delta,TR008,CST,Classroom,2026-03-10 00:00:00,2026-03-12 00:00:00,3,3,24,23.8,15.6,8.2,25.3,94.1,75,1,Yes,86.8,90.7,2,1,1.6,Completed,Mar-2026,11,0
195,BAT202603-05,ASS0049,Experienced,AR,Client Delta,TR008,LAW,Hybrid,2026-03-13 00:00:00,2026-03-17 00:00:00,5,5,40,34.6,21.1,13.5,37,93.5,90,1,Yes,88.7,83.4,4,1,0.2,Completed,Mar-2026,11,0
196,BAT202603-05,ASS0049,Experienced,AR,Client Delta,TR008,OJT,Classroom,2026-03-18 00:00:00,2026-04-01 00:00:00,15,15,120,104.7,88.4,16.3,112.9,92.7,74,1,Yes,83.1,97,5,0,1.2,Completed,Mar-2026,12,0
197,BAT202608-05,ASS0050,Fresher,Charge Entry,Revere Health,TR007,Generic Training,Hybrid,2026-08-17 00:00:00,2026-08-23 00:00:00,7,7,56,54.9,43,11.9,60,91.5,84,1,Yes,100,76.8,1,1,0,Completed,Aug-2026,34,0
198,BAT202608-05,ASS0050,Fresher,Charge Entry,Revere Health,TR007,CST,Floor,2026-08-24 00:00:00,2026-08-26 00:00:00,3,3,24,22.2,17.5,4.7,22.5,98.7,81,1,Yes,95.9,95.1,2,1,1.2,Completed,Aug-2026,35,0
199,BAT202608-05,ASS0050,Fresher,Charge Entry,Revere Health,TR007,LAW,Floor,2026-08-27 00:00:00,2026-09-05 00:00:00,10,10,80,80,61.4,18.6,84.3,94.9,81,1,Yes,95.8,93.9,7,0,1.6,Completed,Aug-2026,35,0
200,BAT202609-05,ASS0050,Fresher,Charge Entry,Revere Health,TR007,OJT,Classroom,2026-09-06 00:00:00,2026-09-30 00:00:00,25,25,200,199,145.9,53.1,205.2,97,80,3,No,100,84.4,6,2,6.4,Completed,Sep-2026,36,0
201,BAT202603-06,ASS0051,Fresher,CBR,Client Delta,TR007,Generic Training,Virtual,2026-03-06 00:00:00,2026-03-12 00:00:00,7,7,56,53.4,41.9,11.5,53.8,99.3,79,1,Yes,79,78.2,0,0,1.1,Completed,Mar-2026,10,0
202,BAT202603-06,ASS0051,Fresher,CBR,Client Delta,TR007,CST,Classroom,2026-03-13 00:00:00,2026-03-16 00:00:00,4,4,32,30.6,22.3,8.3,31.1,98.4,87,1,Yes,86.8,73.6,2,0,0.4,Completed,Mar-2026,11,0
203,BAT202603-06,ASS0051,Fresher,CBR,Client Delta,TR007,LAW,Virtual,2026-03-17 00:00:00,2026-03-28 00:00:00,10,12,80,80,37.7,42.3,82.9,96.5,94,1,Yes,88.7,73.8,9,1,0.1,Completed,Mar-2026,12,1
204,BAT202603-06,ASS0051,Fresher,CBR,Client Delta,TR007,OJT,Classroom,2026-03-29 00:00:00,2026-04-22 00:00:00,25,25,200,168.4,156.4,12,202.7,83.1,71,1,Yes,83.6,79.6,5,1,1.3,Completed,Mar-2026,13,0
205,BAT202601-06,ASS0052,Experienced,EVBV,Client Alpha,TR002,Generic Training,Hybrid,2026-01-23 00:00:00,2026-01-25 00:00:00,3,3,24,21.2,16.2,5,25.3,83.8,82,1,Yes,89.3,92.1,3,0,1.9,Completed,Jan-2026,4,0
206,BAT202601-06,ASS0052,Experienced,EVBV,Client Alpha,TR002,CST,Virtual,2026-01-26 00:00:00,2026-01-28 00:00:00,3,3,24,23.6,17.5,6.1,22.4,105.4,86,1,Yes,92.5,60.9,3,0,0.1,Completed,Jan-2026,5,0
207,BAT202601-06,ASS0052,Experienced,EVBV,Client Alpha,TR002,LAW,Classroom,2026-01-29 00:00:00,2026-02-02 00:00:00,5,5,40,38.3,27.5,10.8,37.8,101.3,73,1,Yes,100,59.3,6,1,1.2,Completed,Jan-2026,5,0
208,BAT202602-06,ASS0052,Experienced,EVBV,Client Alpha,TR002,OJT,Floor,2026-02-03 00:00:00,2026-02-17 00:00:00,15,15,120,104.2,67,37.2,127.1,82,79,1,Yes,79.2,71.7,4,1,1,Completed,Feb-2026,6,0
209,BAT202605-06,ASS0053,Fresher,AUTH,Revere Health,TR007,Generic Training,Classroom,2026-05-16 00:00:00,2026-05-21 00:00:00,6,6,48,41.1,25.4,15.7,50.2,81.9,87,1,Yes,77.9,97.4,4,1,1.7,Completed,May-2026,20,0
210,BAT202605-06,ASS0053,Fresher,AUTH,Revere Health,TR007,CST,Hybrid,2026-05-22 00:00:00,2026-05-23 00:00:00,4,2,32,27,20.4,6.6,31.4,86,67,2,No,100,73.7,1,1,2.3,Completed,May-2026,21,0
211,BAT202605-06,ASS0053,Fresher,AUTH,Revere Health,TR007,LAW,Hybrid,2026-05-24 00:00:00,2026-06-02 00:00:00,10,10,80,76.8,64.6,12.2,80.3,95.6,93,1,Yes,81.5,86.4,10,0,1.3,Completed,May-2026,21,0
212,BAT202606-06,ASS0053,Fresher,AUTH,Revere Health,TR007,OJT,Hybrid,2026-06-03 00:00:00,2026-06-26 00:00:00,25,24,200,200,119.7,80.3,188.7,106,79,1,Yes,82.2,69.4,3,1,0.1,Completed,Jun-2026,23,0
213,BAT202603-06,ASS0054,Experienced,CBR,Revere Health,TR003,Generic Training,Floor,2026-03-05 00:00:00,2026-03-06 00:00:00,3,2,24,18.7,16,2.7,24.9,75.1,91,1,Yes,72.1,89.1,4,0,1.9,Completed,Mar-2026,10,0
214,BAT202603-06,ASS0054,Experienced,CBR,Revere Health,TR003,CST,Classroom,2026-03-07 00:00:00,2026-03-07 00:00:00,2,1,16,15,12.3,2.7,15.2,98.7,69,2,No,95.2,95.9,2,0,7.7,Completed,Mar-2026,10,0
215,BAT202603-06,ASS0054,Experienced,CBR,Revere Health,TR003,LAW,Hybrid,2026-03-08 00:00:00,2026-03-12 00:00:00,5,5,40,35.4,29.5,5.9,41.5,85.3,68,2,No,81.5,83.4,9,4,3.2,Completed,Mar-2026,10,0
216,BAT202603-06,ASS0054,Experienced,CBR,Revere Health,TR003,OJT,Hybrid,2026-03-13 00:00:00,2026-03-27 00:00:00,15,15,120,109,88.7,20.3,129.5,84.2,72,1,Yes,79.9,82.4,8,0,1.5,Completed,Mar-2026,11,0
217,BAT202606-06,ASS0055,Experienced,Payment Posting,Client Gamma,TR008,Generic Training,Classroom,2026-06-06 00:00:00,2026-06-07 00:00:00,2,2,16,16,10.1,5.9,15.6,102.6,89,3,No,99.3,70.2,3,2,6.2,Completed,Jun-2026,23,0
218,BAT202606-06,ASS0055,Experienced,Payment Posting,Client Gamma,TR008,CST,Floor,2026-06-08 00:00:00,2026-06-09 00:00:00,2,2,16,15.3,12,3.3,15.5,98.7,90,1,Yes,77.1,81.6,1,0,1,Completed,Jun-2026,24,0
219,BAT202606-06,ASS0055,Experienced,Payment Posting,Client Gamma,TR008,LAW,Virtual,2026-06-10 00:00:00,2026-06-14 00:00:00,5,5,40,39.1,28.6,10.5,41.6,94,80,1,Yes,75.6,90.5,8,2,0.5,Completed,Jun-2026,24,0
220,BAT202606-06,ASS0055,Experienced,Payment Posting,Client Gamma,TR008,OJT,Floor,2026-06-15 00:00:00,2026-06-29 00:00:00,15,15,120,120,76.6,43.4,114.5,104.8,71,1,Yes,73.6,100,2,0,0.8,Completed,Jun-2026,25,0
221,BAT202604-06,ASS0056,Experienced,AR,Revere Health,TR004,Generic Training,Hybrid,2026-04-23 00:00:00,2026-04-25 00:00:00,2,3,16,14.9,12.2,2.7,15.4,96.8,100,1,Yes,92,72.3,1,0,0.3,Completed,Apr-2026,17,1
222,BAT202604-06,ASS0056,Experienced,AR,Revere Health,TR004,CST,Hybrid,2026-04-26 00:00:00,2026-04-28 00:00:00,3,3,24,24,22.2,1.8,24.6,97.6,82,1,Yes,92.3,89.9,1,1,1.6,Completed,Apr-2026,17,0
223,BAT202604-06,ASS0056,Experienced,AR,Revere Health,TR004,LAW,Hybrid,2026-04-29 00:00:00,2026-05-03 00:00:00,5,5,40,35.2,24.3,10.9,39.2,89.8,93,1,Yes,93.2,82.2,7,3,1.9,Completed,Apr-2026,18,0
224,BAT202605-06,ASS0056,Experienced,AR,Revere Health,TR004,OJT,Hybrid,2026-05-04 00:00:00,2026-05-18 00:00:00,15,15,120,102.3,68.6,33.7,123.5,82.8,80,1,Yes,83.7,77.5,7,0,1,Completed,May-2026,19,0
225,BAT202605-06,ASS0057,Experienced,Payment Posting,Client Alpha,TR007,Generic Training,Floor,2026-05-10 00:00:00,2026-05-12 00:00:00,3,3,24,22.4,16.9,5.5,24.7,90.7,94,1,Yes,92.2,80.6,1,0,1.7,Completed,May-2026,19,0
226,BAT202605-06,ASS0057,Experienced,Payment Posting,Client Alpha,TR007,CST,Floor,2026-05-13 00:00:00,2026-05-15 00:00:00,3,3,24,23,16.7,6.3,24,95.8,80,1,Yes,83.2,92.5,2,1,1.7,Completed,May-2026,20,0
227,BAT202605-06,ASS0057,Experienced,Payment Posting,Client Alpha,TR007,LAW,Hybrid,2026-05-16 00:00:00,2026-05-20 00:00:00,5,5,40,36.2,27.2,9,38.7,93.5,86,1,Yes,93.5,90.7,8,1,0.3,Completed,May-2026,20,0
228,BAT202605-06,ASS0057,Experienced,Payment Posting,Client Alpha,TR007,OJT,Floor,2026-05-21 00:00:00,2026-06-02 00:00:00,15,13,120,110.5,84.2,26.3,121.8,90.7,82,1,Yes,75.1,69.5,7,1,1.6,Completed,May-2026,21,0
229,BAT202605-06,ASS0058,Fresher,AUTH,River Health,TR002,Generic Training,Floor,2026-05-12 00:00:00,2026-05-16 00:00:00,5,5,40,39.7,25.3,14.4,39.9,99.5,61,3,No,87.2,90.6,1,1,5.3,Completed,May-2026,20,0
230,BAT202605-06,ASS0058,Fresher,AUTH,River Health,TR002,CST,Classroom,2026-05-17 00:00:00,2026-05-21 00:00:00,5,5,40,36.5,29.3,7.2,37.3,97.9,76,1,Yes,90.8,85.7,2,2,1.5,Completed,May-2026,20,0
231,BAT202605-06,ASS0058,Fresher,AUTH,River Health,TR002,LAW,Classroom,2026-05-22 00:00:00,2026-05-31 00:00:00,10,10,80,74,50.5,23.5,80.8,91.6,73,1,Yes,93.5,81.1,8,0,1.6,Completed,May-2026,21,0
232,BAT202606-06,ASS0058,Fresher,AUTH,River Health,TR002,OJT,Classroom,2026-06-01 00:00:00,2026-06-25 00:00:00,25,25,200,178.1,146.5,31.6,215.7,82.6,79,1,Yes,95.1,83.1,3,1,1.1,Completed,Jun-2026,23,0
233,BAT202607-06,ASS0059,Fresher,EVBV,Revere Health,TR007,Generic Training,Floor,2026-07-06 00:00:00,2026-07-13 00:00:00,8,8,64,61.6,44,17.6,61.8,99.7,88,1,Yes,92.4,77.4,4,0,0,Completed,Jul-2026,28,0
234,BAT202607-06,ASS0059,Fresher,EVBV,Revere Health,TR007,CST,Floor,2026-07-14 00:00:00,2026-07-18 00:00:00,5,5,40,39.9,35.6,4.3,36.9,108.1,80,1,Yes,79.6,54.3,1,3,1.8,Completed,Jul-2026,29,0
235,BAT202607-06,ASS0059,Fresher,EVBV,Revere Health,TR007,LAW,Classroom,2026-07-19 00:00:00,2026-07-29 00:00:00,10,11,80,73.6,64.6,9,76.9,95.7,98,1,Yes,92,94.5,7,4,1.4,Extended,Jul-2026,29,1
236,BAT202607-06,ASS0059,Fresher,EVBV,Revere Health,TR007,OJT,Floor,2026-07-30 00:00:00,2026-08-23 00:00:00,25,25,200,185.6,134.2,51.4,201.7,92,94,1,Yes,67.3,58.2,13,0,0.9,Completed,Jul-2026,31,0
237,BAT202607-06,ASS0060,Experienced,AR,Client Alpha,TR002,Generic Training,Classroom,2026-07-15 00:00:00,2026-07-16 00:00:00,2,2,16,14.6,11.3,3.3,14.9,98,96,1,Yes,84.8,95,0,1,0.8,Completed,Jul-2026,29,0
238,BAT202607-06,ASS0060,Experienced,AR,Client Alpha,TR002,CST,Classroom,2026-07-17 00:00:00,2026-07-18 00:00:00,3,2,24,21,14.2,6.8,24.9,84.3,74,1,Yes,77.5,81.5,2,2,1.1,Extended,Jul-2026,29,0
239,BAT202607-06,ASS0060,Experienced,AR,Client Alpha,TR002,LAW,Floor,2026-07-19 00:00:00,2026-07-23 00:00:00,5,5,40,35,20,15,38.5,90.9,74,3,No,95.5,98.7,5,2,7.5,Completed,Jul-2026,29,0
240,BAT202607-06,ASS0060,Experienced,AR,Client Alpha,TR002,OJT,Floor,2026-07-24 00:00:00,2026-08-07 00:00:00,15,15,120,120,79.2,40.8,119,100.8,64,3,No,79.6,62.9,9,3,6.5,Completed,Jul-2026,30,0
241,BAT202601-07,ASS0061,Fresher,Payment Posting,Revere Health,TR006,Generic Training,Classroom,2026-01-30 00:00:00,2026-02-03 00:00:00,5,5,40,37.8,23.6,14.2,39.1,96.7,97,1,Yes,74.2,100,3,0,0.8,Completed,Jan-2026,5,0
242,BAT202602-07,ASS0061,Fresher,Payment Posting,Revere Health,TR006,CST,Hybrid,2026-02-04 00:00:00,2026-02-06 00:00:00,3,3,24,23.5,18.4,5.1,22.5,104.4,86,2,No,93.1,89.6,3,3,4.8,Completed,Feb-2026,6,0
243,BAT202602-07,ASS0061,Fresher,Payment Posting,Revere Health,TR006,LAW,Floor,2026-02-07 00:00:00,2026-02-16 00:00:00,10,10,80,79.3,54.2,25.1,84.6,93.7,82,1,Yes,84.8,79.2,6,1,1.9,Completed,Feb-2026,6,0
244,BAT202602-07,ASS0061,Fresher,Payment Posting,Revere Health,TR006,OJT,Hybrid,2026-02-17 00:00:00,2026-03-13 00:00:00,25,25,200,172.7,125.2,47.5,202.9,85.1,89,1,Yes,83.1,75,7,0,1.3,Extended,Feb-2026,8,0
245,BAT202601-07,ASS0062,Experienced,AR,Revere Health,TR004,Generic Training,Hybrid,2026-01-06 00:00:00,2026-01-08 00:00:00,3,3,24,23.7,18.5,5.2,23.6,100.4,90,1,Yes,80.1,93.7,2,0,1.4,Completed,Jan-2026,2,0
246,BAT202601-07,ASS0062,Experienced,AR,Revere Health,TR004,CST,Classroom,2026-01-09 00:00:00,2026-01-10 00:00:00,2,2,16,15.1,10.3,4.8,15.9,95,90,1,Yes,81.2,83.7,2,2,0.9,Completed,Jan-2026,2,0
247,BAT202601-07,ASS0062,Experienced,AR,Revere Health,TR004,LAW,Classroom,2026-01-11 00:00:00,2026-01-15 00:00:00,5,5,40,36.8,24.6,12.2,39.1,94.1,77,2,No,95,93.8,6,0,6.6,Completed,Jan-2026,2,0
248,BAT202601-07,ASS0062,Experienced,AR,Revere Health,TR004,OJT,Hybrid,2026-01-16 00:00:00,2026-01-31 00:00:00,15,16,120,111.3,97.9,13.4,122.1,91.2,90,1,Yes,80.2,100,5,1,0.7,Completed,Jan-2026,3,1
249,BAT202603-07,ASS0063,Experienced,Billing,River Health,TR002,Generic Training,Classroom,2026-03-21 00:00:00,2026-03-23 00:00:00,3,3,24,24,17.5,6.5,23.3,103,92,1,Yes,83.4,77.4,1,2,0.8,Completed,Mar-2026,12,0
250,BAT202603-07,ASS0063,Experienced,Billing,River Health,TR002,CST,Hybrid,2026-03-24 00:00:00,2026-03-25 00:00:00,2,2,16,15.4,9.5,5.9,15.2,101.3,85,1,Yes,91.3,72.1,3,1,2,Completed,Mar-2026,13,0
251,BAT202603-07,ASS0063,Experienced,Billing,River Health,TR002,LAW,Floor,2026-03-26 00:00:00,2026-03-30 00:00:00,5,5,40,36.2,29.7,6.5,37.2,97.3,56,3,No,87.1,93.4,12,1,3.8,Completed,Mar-2026,13,0
252,BAT202603-07,ASS0063,Experienced,Billing,River Health,TR002,OJT,Classroom,2026-03-31 00:00:00,2026-04-16 00:00:00,15,17,120,110,94.1,15.9,128.1,85.9,90,3,No,91.2,68.8,8,1,4.2,Completed,Mar-2026,14,1
253,BAT202604-07,ASS0064,Experienced,BRCM,Client Alpha,TR008,Generic Training,Floor,2026-04-05 00:00:00,2026-04-08 00:00:00,4,4,32,30.7,18.7,12,29.6,103.7,73,1,Yes,100,83.4,0,1,0.8,Completed,Apr-2026,14,0
254,BAT202604-07,ASS0064,Experienced,BRCM,Client Alpha,TR008,CST,Floor,2026-04-09 00:00:00,2026-04-11 00:00:00,3,3,24,18.8,14,4.8,22.4,83.9,86,1,Yes,89.1,85.1,2,2,1.1,Extended,Apr-2026,15,0
255,BAT202604-07,ASS0064,Experienced,BRCM,Client Alpha,TR008,LAW,Virtual,2026-04-12 00:00:00,2026-04-16 00:00:00,5,5,40,37,27.8,9.2,38.3,96.6,84,1,Yes,96.1,82.1,6,0,0.7,Completed,Apr-2026,15,0
256,BAT202604-07,ASS0064,Experienced,BRCM,Client Alpha,TR008,OJT,Classroom,2026-04-17 00:00:00,2026-05-02 00:00:00,15,16,120,116.3,68.3,48,114,102,81,3,No,79.8,69.2,6,3,5.4,Completed,Apr-2026,16,1
257,BAT202608-07,ASS0065,Fresher,AUTH,Client Delta,TR001,Generic Training,Hybrid,2026-08-13 00:00:00,2026-08-21 00:00:00,7,9,56,52.9,29.3,23.6,58.9,89.8,82,1,Yes,86.7,91.7,1,2,0.8,Completed,Aug-2026,33,1
258,BAT202608-07,ASS0065,Fresher,AUTH,Client Delta,TR001,CST,Hybrid,2026-08-22 00:00:00,2026-08-24 00:00:00,3,3,24,22.7,14.5,8.2,24.5,92.7,95,1,Yes,85.3,92.9,2,2,1.2,Completed,Aug-2026,34,0
259,BAT202608-07,ASS0065,Fresher,AUTH,Client Delta,TR001,LAW,Hybrid,2026-08-25 00:00:00,2026-09-04 00:00:00,10,11,80,80,60.4,19.6,73.8,108.4,74,1,Yes,91.5,81.2,4,1,0.5,Completed,Aug-2026,35,1
260,BAT202609-07,ASS0065,Fresher,AUTH,Client Delta,TR001,OJT,Floor,2026-09-05 00:00:00,2026-09-27 00:00:00,25,23,200,186.2,137.4,48.8,198.3,93.9,61,2,No,94.6,76.5,4,3,5.4,Completed,Sep-2026,36,0
261,BAT202606-07,ASS0066,Experienced,EVBV,Client Delta,TR007,Generic Training,Classroom,2026-06-15 00:00:00,2026-06-17 00:00:00,4,3,32,25.7,16.2,9.5,30.1,85.4,78,2,No,90.4,90,4,1,6.9,Completed,Jun-2026,25,0
262,BAT202606-07,ASS0066,Experienced,EVBV,Client Delta,TR007,CST,Hybrid,2026-06-18 00:00:00,2026-06-20 00:00:00,3,3,24,24,17.5,6.5,23.5,102.1,83,1,Yes,86.7,97.9,4,1,1,Completed,Jun-2026,25,0
263,BAT202606-07,ASS0066,Experienced,EVBV,Client Delta,TR007,LAW,Classroom,2026-06-21 00:00:00,2026-06-27 00:00:00,5,7,40,35.9,20.4,15.5,41.4,86.7,91,1,Yes,90.6,85.9,5,0,1.5,Completed,Jun-2026,25,1
264,BAT202606-07,ASS0066,Experienced,EVBV,Client Delta,TR007,OJT,Classroom,2026-06-28 00:00:00,2026-07-12 00:00:00,15,15,120,111.6,80.4,31.2,122.8,90.9,79,1,Yes,74.5,60.9,5,0,0.5,Completed,Jun-2026,26,0
265,BAT202607-07,ASS0067,Experienced,Payment Posting,Client Gamma,TR001,Generic Training,Floor,2026-07-03 00:00:00,2026-07-05 00:00:00,3,3,24,22.3,18.5,3.8,24.9,89.6,93,1,Yes,100,68.9,1,0,1.1,Completed,Jul-2026,27,0
266,BAT202607-07,ASS0067,Experienced,Payment Posting,Client Gamma,TR001,CST,Classroom,2026-07-06 00:00:00,2026-07-08 00:00:00,3,3,24,19.7,13.3,6.4,23.8,82.8,81,1,Yes,89.2,80.1,0,1,0.9,Completed,Jul-2026,28,0
267,BAT202607-07,ASS0067,Experienced,Payment Posting,Client Gamma,TR001,LAW,Virtual,2026-07-09 00:00:00,2026-07-13 00:00:00,5,5,40,39.8,22.7,17.1,43.2,92.1,88,1,Yes,83.6,76.7,9,0,0.2,Completed,Jul-2026,28,0
268,BAT202607-07,ASS0067,Experienced,Payment Posting,Client Gamma,TR001,OJT,Classroom,2026-07-14 00:00:00,2026-07-28 00:00:00,15,15,120,112.3,106.7,5.6,113,99.4,67,2,No,78.2,81.2,5,1,7.7,Completed,Jul-2026,29,0
269,BAT202602-07,ASS0068,Experienced,AR,River Health,TR008,Generic Training,Floor,2026-02-21 00:00:00,2026-02-24 00:00:00,4,4,32,31.7,18.5,13.2,33.9,93.5,72,2,No,78.3,77.4,1,2,6.6,Completed,Feb-2026,8,0
270,BAT202602-07,ASS0068,Experienced,AR,River Health,TR008,CST,Hybrid,2026-02-25 00:00:00,2026-02-26 00:00:00,2,2,16,13.7,8,5.7,15.6,87.8,86,1,Yes,87.1,75.4,5,4,1.4,Completed,Feb-2026,9,0
271,BAT202602-07,ASS0068,Experienced,AR,River Health,TR008,LAW,Classroom,2026-02-27 00:00:00,2026-03-03 00:00:00,5,5,40,37.2,25,12.2,41.4,89.9,74,1,Yes,88.4,86.3,13,1,1.3,Completed,Feb-2026,9,0
272,BAT202603-07,ASS0068,Experienced,AR,River Health,TR008,OJT,Classroom,2026-03-04 00:00:00,2026-03-18 00:00:00,15,15,120,107.6,96.2,11.4,114.3,94.1,89,1,Yes,91.1,85.9,4,2,2,Completed,Mar-2026,10,0
273,BAT202606-07,ASS0069,Experienced,CBR,Revere Health,TR003,Generic Training,Classroom,2026-06-24 00:00:00,2026-06-27 00:00:00,4,4,32,29,17.5,11.5,32.8,88.4,90,3,No,89.3,60.6,2,4,2.1,Completed,Jun-2026,26,0
274,BAT202606-07,ASS0069,Experienced,CBR,Revere Health,TR003,CST,Classroom,2026-06-28 00:00:00,2026-06-29 00:00:00,2,2,16,15.2,11.9,3.3,17.1,88.9,75,1,Yes,90.4,69.2,0,1,0.4,Completed,Jun-2026,26,0
275,BAT202606-07,ASS0069,Experienced,CBR,Revere Health,TR003,LAW,Classroom,2026-06-30 00:00:00,2026-07-04 00:00:00,5,5,40,38.7,26.8,11.9,41,94.4,63,2,No,93.4,73.9,9,3,7.7,Completed,Jun-2026,27,0
276,BAT202607-07,ASS0069,Experienced,CBR,Revere Health,TR003,OJT,Classroom,2026-07-05 00:00:00,2026-07-19 00:00:00,15,15,120,120,75.3,44.7,128.1,93.7,76,1,Yes,84.6,72.9,4,1,1.3,Completed,Jul-2026,27,0
277,BAT202604-07,ASS0070,Fresher,CBR,Client Beta,TR004,Generic Training,Floor,2026-04-17 00:00:00,2026-04-22 00:00:00,7,6,56,51.8,30.9,20.9,53.5,96.8,70,1,Yes,86.3,71.5,0,0,1.8,Completed,Apr-2026,16,0
278,BAT202604-07,ASS0070,Fresher,CBR,Client Beta,TR004,CST,Classroom,2026-04-23 00:00:00,2026-04-27 00:00:00,5,5,40,36.3,28,8.3,39.7,91.4,78,1,Yes,81.1,52.6,1,2,1.2,Completed,Apr-2026,17,0
279,BAT202604-07,ASS0070,Fresher,CBR,Client Beta,TR004,LAW,Hybrid,2026-04-28 00:00:00,2026-05-07 00:00:00,10,10,80,73.4,57.3,16.1,77.1,95.2,68,3,No,77.3,81.2,7,3,6,Completed,Apr-2026,18,0
280,BAT202605-07,ASS0070,Fresher,CBR,Client Beta,TR004,OJT,Floor,2026-05-08 00:00:00,2026-06-02 00:00:00,25,26,200,184.4,132.9,51.5,197.3,93.5,90,1,Yes,81.2,79,4,0,2,Extended,May-2026,19,1
281,BAT202602-08,ASS0071,Experienced,BRCM,Client Gamma,TR002,Generic Training,Classroom,2026-02-14 00:00:00,2026-02-17 00:00:00,4,4,32,28.5,17.5,11,29.6,96.3,74,1,Yes,85.8,82,0,2,0.8,Completed,Feb-2026,7,0
282,BAT202602-08,ASS0071,Experienced,BRCM,Client Gamma,TR002,CST,Classroom,2026-02-18 00:00:00,2026-02-20 00:00:00,3,3,24,24,18.7,5.3,24.5,98,90,1,Yes,83.6,82.8,2,2,1.4,Completed,Feb-2026,8,0
283,BAT202602-08,ASS0071,Experienced,BRCM,Client Gamma,TR002,LAW,Floor,2026-02-21 00:00:00,2026-02-25 00:00:00,5,5,40,38.4,28.2,10.2,40.6,94.6,72,1,Yes,100,88.3,8,1,1.1,Completed,Feb-2026,8,0
284,BAT202602-08,ASS0071,Experienced,BRCM,Client Gamma,TR002,OJT,Classroom,2026-02-26 00:00:00,2026-03-11 00:00:00,15,14,120,107.3,74.2,33.1,128,83.8,83,2,No,85.9,83.8,8,3,5.3,Completed,Feb-2026,9,0
285,BAT202604-08,ASS0072,Fresher,AR,River Health,TR008,Generic Training,Hybrid,2026-04-03 00:00:00,2026-04-07 00:00:00,5,5,40,35.9,28.3,7.6,43,83.5,78,2,No,76.7,78.8,4,2,2,Completed,Apr-2026,14,0
286,BAT202604-08,ASS0072,Fresher,AR,River Health,TR008,CST,Hybrid,2026-04-08 00:00:00,2026-04-10 00:00:00,3,3,24,22.4,16.2,6.2,23.5,95.3,72,1,Yes,75,77.4,5,0,1.4,Completed,Apr-2026,15,0
287,BAT202604-08,ASS0072,Fresher,AR,River Health,TR008,LAW,Classroom,2026-04-11 00:00:00,2026-04-20 00:00:00,10,10,80,73.9,61.1,12.8,75.5,97.9,85,3,No,78.9,88.7,14,3,7.8,Extended,Apr-2026,15,0
288,BAT202604-08,ASS0072,Fresher,AR,River Health,TR008,OJT,Floor,2026-04-21 00:00:00,2026-05-14 00:00:00,25,24,200,194.9,154.4,40.5,189.5,102.8,83,1,Yes,69.7,100,5,2,1.9,Completed,Apr-2026,17,0
289,BAT202604-08,ASS0073,Fresher,CBR,Client Delta,TR002,Generic Training,Classroom,2026-04-17 00:00:00,2026-04-21 00:00:00,5,5,40,30.2,22.1,8.1,42.4,71.2,76,1,Yes,89.1,73.3,3,0,1.4,Completed,Apr-2026,16,0
290,BAT202604-08,ASS0073,Fresher,CBR,Client Delta,TR002,CST,Floor,2026-04-22 00:00:00,2026-04-23 00:00:00,3,2,24,22.7,12.9,9.8,22.6,100.4,94,1,Yes,91.3,69.4,3,1,1.4,Completed,Apr-2026,17,0
291,BAT202604-08,ASS0073,Fresher,CBR,Client Delta,TR002,LAW,Classroom,2026-04-24 00:00:00,2026-05-03 00:00:00,10,10,80,75.3,46.9,28.4,76.7,98.2,88,1,Yes,86.2,92.8,11,1,0.3,Completed,Apr-2026,17,0
292,BAT202605-08,ASS0073,Fresher,CBR,Client Delta,TR002,OJT,Floor,2026-05-04 00:00:00,2026-05-28 00:00:00,25,25,200,184.1,141.5,42.6,186.5,98.7,62,3,No,84.1,77.1,4,2,3.7,Completed,May-2026,19,0
293,BAT202608-08,ASS0074,Experienced,CBR,Client Gamma,TR006,Generic Training,Classroom,2026-08-18 00:00:00,2026-08-21 00:00:00,4,4,32,31.1,25.4,5.7,32.4,96,86,1,Yes,82.4,76,2,1,0.1,Completed,Aug-2026,34,0
294,BAT202608-08,ASS0074,Experienced,CBR,Client Gamma,TR006,CST,Hybrid,2026-08-22 00:00:00,2026-08-23 00:00:00,2,2,16,14.2,10.2,4,16.9,84,90,1,Yes,74.6,83.3,0,2,1.2,Completed,Aug-2026,34,0
295,BAT202608-08,ASS0074,Experienced,CBR,Client Gamma,TR006,LAW,Virtual,2026-08-24 00:00:00,2026-08-28 00:00:00,5,5,40,38.3,26.7,11.6,43.2,88.7,75,1,Yes,78.1,96,8,0,1.3,Completed,Aug-2026,35,0
296,BAT202608-08,ASS0074,Experienced,CBR,Client Gamma,TR006,OJT,Hybrid,2026-08-29 00:00:00,2026-09-12 00:00:00,15,15,120,119.8,86.8,33,111.6,107.3,99,1,Yes,91.2,74.1,4,1,1.1,Completed,Aug-2026,35,0
297,BAT202603-08,ASS0075,Experienced,Payment Posting,Client Alpha,TR001,Generic Training,Classroom,2026-03-26 00:00:00,2026-03-29 00:00:00,4,4,32,32,26.7,5.3,33.5,95.5,77,1,Yes,82.1,68.6,0,1,0.3,Extended,Mar-2026,13,0
298,BAT202603-08,ASS0075,Experienced,Payment Posting,Client Alpha,TR001,CST,Classroom,2026-03-30 00:00:00,2026-03-31 00:00:00,2,2,16,15.5,12.7,2.8,14.9,104,95,1,Yes,87.4,85.9,1,1,1.8,Completed,Mar-2026,14,0
299,BAT202604-08,ASS0075,Experienced,Payment Posting,Client Alpha,TR001,LAW,Classroom,2026-04-01 00:00:00,2026-04-05 00:00:00,5,5,40,35.6,21.3,14.3,40.8,87.3,76,1,Yes,85,79.5,9,0,2,Completed,Apr-2026,14,0
300,BAT202604-08,ASS0075,Experienced,Payment Posting,Client Alpha,TR001,OJT,Classroom,2026-04-06 00:00:00,2026-04-20 00:00:00,15,15,120,105.8,90.3,15.5,114.6,92.3,63,3,No,86,80.2,5,3,3.1,Completed,Apr-2026,15,0
301,BAT202605-08,ASS0076,Fresher,EVBV,Revere Health,TR004,Generic Training,Classroom,2026-05-31 00:00:00,2026-06-06 00:00:00,7,7,56,50.1,34.4,15.7,60.3,83.1,77,2,No,85.2,77.4,0,3,3.8,Completed,May-2026,22,0
302,BAT202606-08,ASS0076,Fresher,EVBV,Revere Health,TR004,CST,Classroom,2026-06-07 00:00:00,2026-06-11 00:00:00,5,5,40,38.9,30.3,8.6,42.1,92.4,79,1,Yes,100,94,2,2,0.4,Completed,Jun-2026,23,0
303,BAT202606-08,ASS0076,Fresher,EVBV,Revere Health,TR004,LAW,Virtual,2026-06-12 00:00:00,2026-06-21 00:00:00,10,10,80,74.3,61.4,12.9,79.3,93.7,81,1,Yes,90,87.2,9,1,1.1,Completed,Jun-2026,24,0
304,BAT202606-08,ASS0076,Fresher,EVBV,Revere Health,TR004,OJT,Floor,2026-06-22 00:00:00,2026-07-16 00:00:00,25,25,200,186.5,141.5,45,195.5,95.4,59,3,No,78.7,93.4,4,0,4.6,Completed,Jun-2026,26,0
305,BAT202607-08,ASS0077,Fresher,BRCM,Revere Health,TR001,Generic Training,Floor,2026-07-18 00:00:00,2026-07-23 00:00:00,7,6,56,55,52.2,2.8,58.9,93.4,90,1,Yes,79.2,80.3,1,1,0.5,Completed,Jul-2026,29,0
306,BAT202607-08,ASS0077,Fresher,BRCM,Revere Health,TR001,CST,Floor,2026-07-24 00:00:00,2026-07-29 00:00:00,4,6,32,27.5,24.2,3.3,29.8,92.3,89,1,Yes,81.6,82.2,4,1,0.9,Completed,Jul-2026,30,1
307,BAT202607-08,ASS0077,Fresher,BRCM,Revere Health,TR001,LAW,Virtual,2026-07-30 00:00:00,2026-08-08 00:00:00,10,10,80,66.4,54.8,11.6,81.6,81.4,82,1,Yes,75.9,69.6,10,2,1.1,Completed,Jul-2026,31,0
308,BAT202608-08,ASS0077,Fresher,BRCM,Revere Health,TR001,OJT,Classroom,2026-08-09 00:00:00,2026-09-01 00:00:00,25,24,200,200,174.2,25.8,194.1,103,76,1,Yes,69.4,81.8,6,2,0.7,Completed,Aug-2026,32,0
309,BAT202606-08,ASS0078,Experienced,BRCM,Revere Health,TR007,Generic Training,Hybrid,2026-06-20 00:00:00,2026-06-22 00:00:00,3,3,24,22.8,16.9,5.9,25.5,89.4,85,1,Yes,86,70.2,3,2,1.1,Completed,Jun-2026,25,0
310,BAT202606-08,ASS0078,Experienced,BRCM,Revere Health,TR007,CST,Hybrid,2026-06-23 00:00:00,2026-06-24 00:00:00,3,2,24,22.2,16.2,6,25.9,85.7,71,1,Yes,86.7,77.8,3,1,1.8,Completed,Jun-2026,26,0
311,BAT202606-08,ASS0078,Experienced,BRCM,Revere Health,TR007,LAW,Hybrid,2026-06-25 00:00:00,2026-06-29 00:00:00,5,5,40,34.3,30.5,3.8,40.9,83.9,80,1,Yes,83.2,85.1,6,3,0.2,Completed,Jun-2026,26,0
312,BAT202606-08,ASS0078,Experienced,BRCM,Revere Health,TR007,OJT,Classroom,2026-06-30 00:00:00,2026-07-14 00:00:00,15,15,120,113.7,84.7,29,117.5,96.8,72,1,Yes,85.7,68,7,0,0.4,Extended,Jun-2026,27,0
313,BAT202607-08,ASS0079,Experienced,EVBV,Revere Health,TR007,Generic Training,Floor,2026-07-22 00:00:00,2026-07-22 00:00:00,3,1,24,22.8,16.6,6.2,25.8,88.4,86,1,Yes,92.8,87.2,2,0,0.5,Completed,Jul-2026,30,0
314,BAT202607-08,ASS0079,Experienced,EVBV,Revere Health,TR007,CST,Classroom,2026-07-23 00:00:00,2026-07-25 00:00:00,3,3,24,23.2,15.4,7.8,24.7,93.9,87,1,Yes,82.6,92.6,4,2,0.4,Completed,Jul-2026,30,0
315,BAT202607-08,ASS0079,Experienced,EVBV,Revere Health,TR007,LAW,Hybrid,2026-07-26 00:00:00,2026-07-30 00:00:00,5,5,40,35.5,25.5,10,38.3,92.7,83,1,Yes,100,62.7,6,0,0.4,Completed,Jul-2026,30,0
316,BAT202607-08,ASS0079,Experienced,EVBV,Revere Health,TR007,OJT,Hybrid,2026-07-31 00:00:00,2026-08-14 00:00:00,15,15,120,107.9,73.2,34.7,111.9,96.4,72,1,Yes,69.5,92.9,2,2,0.7,Completed,Jul-2026,31,0
317,BAT202603-08,ASS0080,Experienced,BRCM,Revere Health,TR003,Generic Training,Floor,2026-03-11 00:00:00,2026-03-13 00:00:00,4,3,32,28.3,25.3,3,30.8,91.9,75,1,Yes,85.7,79.7,1,0,0.5,Completed,Mar-2026,11,0
318,BAT202603-08,ASS0080,Experienced,BRCM,Revere Health,TR003,CST,Floor,2026-03-14 00:00:00,2026-03-17 00:00:00,3,4,24,24,19.7,4.3,25.7,93.4,100,1,Yes,95.3,76.9,1,0,1.7,Completed,Mar-2026,11,1
319,BAT202603-08,ASS0080,Experienced,BRCM,Revere Health,TR003,LAW,Floor,2026-03-18 00:00:00,2026-03-22 00:00:00,5,5,40,38.3,25.6,12.7,40.9,93.6,76,1,Yes,76.4,76.3,10,0,1.8,Completed,Mar-2026,12,0
320,BAT202603-08,ASS0080,Experienced,BRCM,Revere Health,TR003,OJT,Classroom,2026-03-23 00:00:00,2026-04-06 00:00:00,15,15,120,115.2,81.8,33.4,113.8,101.2,73,1,Yes,85.8,96.6,7,0,0.8,Completed,Mar-2026,13,0
321,BAT202605-09,ASS0081,Fresher,EVBV,River Health,TR006,Generic Training,Hybrid,2026-05-17 00:00:00,2026-05-23 00:00:00,7,7,56,46,29.7,16.3,53.7,85.7,86,1,Yes,88.3,93.9,1,0,0.3,Completed,May-2026,20,0
322,BAT202605-09,ASS0081,Fresher,EVBV,River Health,TR006,CST,Classroom,2026-05-24 00:00:00,2026-05-26 00:00:00,3,3,24,21.4,12.5,8.9,23.5,91.1,89,1,Yes,100,85.8,2,0,1.1,Completed,May-2026,21,0
323,BAT202605-09,ASS0081,Fresher,EVBV,River Health,TR006,LAW,Floor,2026-05-27 00:00:00,2026-06-04 00:00:00,10,9,80,72.1,56.7,15.4,84.1,85.7,92,1,Yes,90.8,90.2,13,1,0.2,Completed,May-2026,22,0
324,BAT202606-09,ASS0081,Fresher,EVBV,River Health,TR006,OJT,Hybrid,2026-06-05 00:00:00,2026-06-29 00:00:00,25,25,200,200,128.8,71.2,198.7,100.7,72,1,Yes,100,67.6,2,0,1.9,Extended,Jun-2026,23,0
325,BAT202603-09,ASS0082,Fresher,Charge Entry,Client Beta,TR005,Generic Training,Virtual,2026-03-22 00:00:00,2026-03-24 00:00:00,5,3,40,40,29.6,10.4,42.2,94.8,83,1,Yes,85.9,65.9,2,2,0.6,Completed,Mar-2026,12,0
326,BAT202603-09,ASS0082,Fresher,Charge Entry,Client Beta,TR005,CST,Floor,2026-03-25 00:00:00,2026-03-27 00:00:00,3,3,24,21.6,14.4,7.2,22.7,95.2,73,1,Yes,89.5,78.9,1,1,1.5,Completed,Mar-2026,13,0
327,BAT202603-09,ASS0082,Fresher,Charge Entry,Client Beta,TR005,LAW,Hybrid,2026-03-28 00:00:00,2026-04-06 00:00:00,10,10,80,73.9,36.9,37,76,97.2,62,2,No,86.3,95.6,8,1,5.5,Completed,Mar-2026,13,0
328,BAT202604-09,ASS0082,Fresher,Charge Entry,Client Beta,TR005,OJT,Hybrid,2026-04-07 00:00:00,2026-05-01 00:00:00,25,25,200,182.1,141.6,40.5,199.3,91.4,60,3,No,91.1,90,4,0,3.4,Completed,Apr-2026,15,0
329,BAT202608-09,ASS0083,Experienced,BRCM,Revere Health,TR003,Generic Training,Hybrid,2026-08-06 00:00:00,2026-08-09 00:00:00,4,4,32,31.2,20.7,10.5,34.1,91.5,76,1,Yes,81,88.9,0,0,0.7,Completed,Aug-2026,32,0
330,BAT202608-09,ASS0083,Experienced,BRCM,Revere Health,TR003,CST,Classroom,2026-08-10 00:00:00,2026-08-12 00:00:00,3,3,24,22.3,13.1,9.2,24,92.9,60,2,No,94.5,79,2,4,7.2,Completed,Aug-2026,33,0
331,BAT202608-09,ASS0083,Experienced,BRCM,Revere Health,TR003,LAW,Classroom,2026-08-13 00:00:00,2026-08-17 00:00:00,5,5,40,35.9,23.6,12.3,37.3,96.2,72,1,Yes,95.1,77.3,8,2,1.9,Completed,Aug-2026,33,0
332,BAT202608-09,ASS0083,Experienced,BRCM,Revere Health,TR003,OJT,Floor,2026-08-18 00:00:00,2026-08-31 00:00:00,15,14,120,107.8,77,30.8,119.6,90.1,94,1,Yes,60.9,96.6,4,2,1.5,Completed,Aug-2026,34,0
333,BAT202605-09,ASS0084,Experienced,EVBV,Client Beta,TR001,Generic Training,Floor,2026-05-29 00:00:00,2026-05-31 00:00:00,3,3,24,20.8,18.1,2.7,25.4,81.9,89,1,Yes,95.2,80.2,4,1,0.3,Completed,May-2026,22,0
334,BAT202606-09,ASS0084,Experienced,EVBV,Client Beta,TR001,CST,Classroom,2026-06-01 00:00:00,2026-06-01 00:00:00,2,1,16,15.2,10,5.2,15.5,98.1,81,1,Yes,97,75.7,2,1,1.4,Completed,Jun-2026,23,0
335,BAT202606-09,ASS0084,Experienced,EVBV,Client Beta,TR001,LAW,Floor,2026-06-02 00:00:00,2026-06-08 00:00:00,5,7,40,36,28.6,7.4,42.2,85.3,91,1,Yes,85.3,65.5,12,0,0.3,Completed,Jun-2026,23,1
336,BAT202606-09,ASS0084,Experienced,EVBV,Client Beta,TR001,OJT,Virtual,2026-06-09 00:00:00,2026-06-23 00:00:00,15,15,120,107.8,67.9,39.9,126.8,85,78,1,Yes,100,82.7,4,1,1.4,Completed,Jun-2026,24,0
337,BAT202603-09,ASS0085,Fresher,Charge Entry,Revere Health,TR002,Generic Training,Classroom,2026-03-27 00:00:00,2026-04-02 00:00:00,7,7,56,51.2,37.4,13.8,53.8,95.2,86,1,Yes,82.7,69.6,1,1,0.4,Completed,Mar-2026,13,0
338,BAT202604-09,ASS0085,Fresher,Charge Entry,Revere Health,TR002,CST,Hybrid,2026-04-03 00:00:00,2026-04-06 00:00:00,4,4,32,27.2,18.5,8.7,31.4,86.6,87,1,Yes,96.3,74.5,5,0,1.3,Completed,Apr-2026,14,0
339,BAT202604-09,ASS0085,Fresher,Charge Entry,Revere Health,TR002,LAW,Virtual,2026-04-07 00:00:00,2026-04-16 00:00:00,10,10,80,80,71,9,84.8,94.3,94,1,Yes,84.4,99,8,2,1,Completed,Apr-2026,15,0
340,BAT202604-09,ASS0085,Fresher,Charge Entry,Revere Health,TR002,OJT,Hybrid,2026-04-17 00:00:00,2026-05-10 00:00:00,25,24,200,160.2,105.3,54.9,200.7,79.8,89,3,No,83.4,81.7,5,0,2.1,Completed,Apr-2026,16,0
341,BAT202603-09,ASS0086,Experienced,CBR,Client Gamma,TR002,Generic Training,Virtual,2026-03-10 00:00:00,2026-03-13 00:00:00,4,4,32,29.7,21.5,8.2,33.3,89.2,76,1,Yes,73.9,88.7,1,1,0.6,Extended,Mar-2026,11,0
342,BAT202603-09,ASS0086,Experienced,CBR,Client Gamma,TR002,CST,Classroom,2026-03-14 00:00:00,2026-03-16 00:00:00,3,3,24,24,18.4,5.6,24.7,97.2,91,1,Yes,81.3,72.2,4,0,1.6,Completed,Mar-2026,11,0
343,BAT202603-09,ASS0086,Experienced,CBR,Client Gamma,TR002,LAW,Classroom,2026-03-17 00:00:00,2026-03-21 00:00:00,5,5,40,36,27.2,8.8,43.1,83.5,81,1,Yes,98.4,74.1,9,3,1.1,Completed,Mar-2026,12,0
344,BAT202603-09,ASS0086,Experienced,CBR,Client Gamma,TR002,OJT,Floor,2026-03-22 00:00:00,2026-04-04 00:00:00,15,14,120,113.9,98.6,15.3,124.4,91.6,96,3,No,100,71.9,7,3,2.3,Completed,Mar-2026,12,0
345,BAT202607-09,ASS0087,Experienced,EVBV,Client Beta,TR006,Generic Training,Hybrid,2026-07-09 00:00:00,2026-07-10 00:00:00,2,2,16,16,10.6,5.4,16.7,95.8,74,3,No,83.8,74.9,1,2,4.3,Completed,Jul-2026,28,0
346,BAT202607-09,ASS0087,Experienced,EVBV,Client Beta,TR006,CST,Hybrid,2026-07-11 00:00:00,2026-07-12 00:00:00,2,2,16,15.7,13.2,2.5,17.1,91.8,100,1,Yes,75.4,82.2,2,1,1,Completed,Jul-2026,28,0
347,BAT202607-09,ASS0087,Experienced,EVBV,Client Beta,TR006,LAW,Hybrid,2026-07-13 00:00:00,2026-07-16 00:00:00,5,4,40,36.2,20.7,15.5,42.3,85.6,94,1,Yes,82,76.6,10,0,1.9,Completed,Jul-2026,29,0
348,BAT202607-09,ASS0087,Experienced,EVBV,Client Beta,TR006,OJT,Classroom,2026-07-17 00:00:00,2026-07-31 00:00:00,15,15,120,107.3,77,30.3,111.3,96.4,79,1,Yes,69.8,87.5,7,2,1.6,Completed,Jul-2026,29,0
349,BAT202604-09,ASS0088,Experienced,BRCM,River Health,TR003,Generic Training,Virtual,2026-04-24 00:00:00,2026-04-26 00:00:00,3,3,24,21.7,15.8,5.9,23.8,91.2,65,3,No,83,78.4,2,1,2.7,Completed,Apr-2026,17,0
350,BAT202604-09,ASS0088,Experienced,BRCM,River Health,TR003,CST,Floor,2026-04-27 00:00:00,2026-04-28 00:00:00,2,2,16,16,10.2,5.8,14.9,107.4,100,1,Yes,86.6,92.3,5,2,1.3,Extended,Apr-2026,18,0
351,BAT202604-09,ASS0088,Experienced,BRCM,River Health,TR003,LAW,Hybrid,2026-04-29 00:00:00,2026-05-03 00:00:00,5,5,40,34.2,27.7,6.5,40.7,84,96,1,Yes,77.1,90.7,6,0,0.6,Completed,Apr-2026,18,0
352,BAT202605-09,ASS0088,Experienced,BRCM,River Health,TR003,OJT,Classroom,2026-05-04 00:00:00,2026-05-18 00:00:00,15,15,120,105.7,82,23.7,126.9,83.3,68,3,No,82.9,83.8,3,3,2.3,Completed,May-2026,19,0
353,BAT202604-09,ASS0089,Fresher,AR,Client Alpha,TR001,Generic Training,Floor,2026-04-26 00:00:00,2026-05-03 00:00:00,8,8,64,64,30.8,33.2,60.6,105.6,78,1,Yes,72.4,85,1,3,1.8,Completed,Apr-2026,17,0
354,BAT202605-09,ASS0089,Fresher,AR,Client Alpha,TR001,CST,Classroom,2026-05-04 00:00:00,2026-05-07 00:00:00,4,4,32,30.3,27.6,2.7,33,91.8,60,2,No,91,73.8,1,2,3.8,Completed,May-2026,19,0
355,BAT202605-09,ASS0089,Fresher,AR,Client Alpha,TR001,LAW,Floor,2026-05-08 00:00:00,2026-05-17 00:00:00,10,10,80,73.2,45,28.2,80.8,90.6,90,1,Yes,77.1,97.3,8,2,0,Completed,May-2026,19,0
356,BAT202605-09,ASS0089,Fresher,AR,Client Alpha,TR001,OJT,Virtual,2026-05-18 00:00:00,2026-06-11 00:00:00,25,25,200,188.1,152.9,35.2,192.1,97.9,67,3,No,70.8,96.4,5,3,3.1,Completed,May-2026,21,0
357,BAT202603-09,ASS0090,Fresher,Payment Posting,Client Gamma,TR008,Generic Training,Hybrid,2026-03-13 00:00:00,2026-03-18 00:00:00,6,6,48,48,45.6,2.4,50.1,95.8,85,1,Yes,91.2,79.2,4,1,1.9,Completed,Mar-2026,11,0
358,BAT202603-09,ASS0090,Fresher,Payment Posting,Client Gamma,TR008,CST,Hybrid,2026-03-19 00:00:00,2026-03-21 00:00:00,3,3,24,20.7,15.9,4.8,25.8,80.2,88,1,Yes,82.6,86.7,4,0,2,Completed,Mar-2026,12,0
359,BAT202603-09,ASS0090,Fresher,Payment Posting,Client Gamma,TR008,LAW,Hybrid,2026-03-22 00:00:00,2026-03-31 00:00:00,10,10,80,73,53.4,19.6,75.4,96.8,83,1,Yes,93.2,85.4,5,1,0.2,Completed,Mar-2026,12,0
360,BAT202604-09,ASS0090,Fresher,Payment Posting,Client Gamma,TR008,OJT,Floor,2026-04-01 00:00:00,2026-04-24 00:00:00,25,24,200,192.1,130.8,61.3,211.7,90.7,84,1,Yes,90.2,78.5,8,2,1.9,Completed,Apr-2026,14,0
361,BAT202601-10,ASS0091,Fresher,EVBV,River Health,TR002,Generic Training,Floor,2026-01-30 00:00:00,2026-02-03 00:00:00,5,5,40,39.2,28.9,10.3,40.4,97,93,1,Yes,89.2,89.5,0,1,1.2,Completed,Jan-2026,5,0
362,BAT202602-10,ASS0091,Fresher,EVBV,River Health,TR002,CST,Classroom,2026-02-04 00:00:00,2026-02-08 00:00:00,5,5,40,36,33.4,2.6,37.2,96.8,89,1,Yes,86,66.6,4,2,0.1,Completed,Feb-2026,6,0
363,BAT202602-10,ASS0091,Fresher,EVBV,River Health,TR002,LAW,Hybrid,2026-02-09 00:00:00,2026-02-18 00:00:00,10,10,80,78.6,52.4,26.2,74.3,105.8,84,1,Yes,86.9,77.5,10,1,0.7,Completed,Feb-2026,7,0
364,BAT202602-10,ASS0091,Fresher,EVBV,River Health,TR002,OJT,Floor,2026-02-19 00:00:00,2026-03-15 00:00:00,25,25,200,200,152.9,47.1,205.6,97.3,75,1,Yes,88.3,70,5,1,1,Completed,Feb-2026,8,0
365,BAT202607-10,ASS0092,Fresher,EVBV,Client Gamma,TR001,Generic Training,Classroom,2026-07-10 00:00:00,2026-07-19 00:00:00,8,10,64,60.6,44.5,16.1,65.7,92.2,68,3,No,81.1,91.4,1,1,4,Completed,Jul-2026,28,1
366,BAT202607-10,ASS0092,Fresher,EVBV,Client Gamma,TR001,CST,Hybrid,2026-07-20 00:00:00,2026-07-23 00:00:00,4,4,32,27.7,17.3,10.4,30.4,91.1,76,3,No,81.5,81.7,1,1,6.4,Completed,Jul-2026,30,0
367,BAT202607-10,ASS0092,Fresher,EVBV,Client Gamma,TR001,LAW,Classroom,2026-07-24 00:00:00,2026-08-02 00:00:00,10,10,80,70.2,60.9,9.3,83.3,84.3,79,1,Yes,77.4,76.7,10,1,1,Completed,Jul-2026,30,0
368,BAT202608-10,ASS0092,Fresher,EVBV,Client Gamma,TR001,OJT,Classroom,2026-08-03 00:00:00,2026-08-27 00:00:00,25,25,200,189.1,139.3,49.8,205.5,92,91,1,Yes,81.8,87.2,5,0,1.5,Completed,Aug-2026,32,0
369,BAT202603-10,ASS0093,Experienced,CBR,Client Gamma,TR007,Generic Training,Floor,2026-03-22 00:00:00,2026-03-23 00:00:00,2,2,16,16,15.2,0.8,16,100,97,2,No,89.8,84.7,1,1,5.7,Completed,Mar-2026,12,0
370,BAT202603-10,ASS0093,Experienced,CBR,Client Gamma,TR007,CST,Hybrid,2026-03-24 00:00:00,2026-03-25 00:00:00,2,2,16,14.9,13.1,1.8,17,87.6,86,1,Yes,87.7,91.7,0,0,1.4,Completed,Mar-2026,13,0
371,BAT202603-10,ASS0093,Experienced,CBR,Client Gamma,TR007,LAW,Floor,2026-03-26 00:00:00,2026-03-29 00:00:00,5,4,40,37.8,25.4,12.4,37.2,101.6,91,1,Yes,91.2,81.9,3,0,1.4,Completed,Mar-2026,13,0
372,BAT202603-10,ASS0093,Experienced,CBR,Client Gamma,TR007,OJT,Hybrid,2026-03-30 00:00:00,2026-04-13 00:00:00,15,15,120,111.2,74.5,36.7,117.8,94.4,83,1,Yes,92,83.2,4,0,1.7,Completed,Mar-2026,14,0
373,BAT202602-10,ASS0094,Experienced,Payment Posting,Client Alpha,TR003,Generic Training,Classroom,2026-02-01 00:00:00,2026-02-03 00:00:00,3,3,24,23.3,15.1,8.2,23.7,98.3,78,1,Yes,71,87.3,2,0,1.5,Completed,Feb-2026,5,0
374,BAT202602-10,ASS0094,Experienced,Payment Posting,Client Alpha,TR003,CST,Hybrid,2026-02-04 00:00:00,2026-02-06 00:00:00,3,3,24,21.5,16.5,5,23.2,92.7,69,3,No,91.5,83.2,6,3,6.5,Completed,Feb-2026,6,0
375,BAT202602-10,ASS0094,Experienced,Payment Posting,Client Alpha,TR003,LAW,Classroom,2026-02-07 00:00:00,2026-02-11 00:00:00,5,5,40,38,29.7,8.3,41.9,90.7,91,1,Yes,74.9,74.3,11,1,0.6,Completed,Feb-2026,6,0
376,BAT202602-10,ASS0094,Experienced,Payment Posting,Client Alpha,TR003,OJT,Hybrid,2026-02-12 00:00:00,2026-02-26 00:00:00,15,15,120,101.4,85.4,16,120.8,83.9,82,1,Yes,100,68.7,6,2,1.9,Completed,Feb-2026,7,0
377,BAT202601-10,ASS0095,Fresher,Charge Entry,Client Beta,TR001,Generic Training,Hybrid,2026-01-29 00:00:00,2026-02-05 00:00:00,8,8,64,60.3,40.2,20.1,65.2,92.5,70,3,No,90.9,91.6,2,2,2.1,Completed,Jan-2026,5,0
378,BAT202602-10,ASS0095,Fresher,Charge Entry,Client Beta,TR001,CST,Classroom,2026-02-06 00:00:00,2026-02-09 00:00:00,4,4,32,29.5,24.1,5.4,29.7,99.3,88,1,Yes,64.3,80.5,1,0,0,Completed,Feb-2026,6,0
379,BAT202602-10,ASS0095,Fresher,Charge Entry,Client Beta,TR001,LAW,Classroom,2026-02-10 00:00:00,2026-02-19 00:00:00,10,10,80,72.5,44.2,28.3,78.6,92.2,100,1,Yes,100,97.8,5,0,0.8,Completed,Feb-2026,7,0
380,BAT202602-10,ASS0095,Fresher,Charge Entry,Client Beta,TR001,OJT,Classroom,2026-02-20 00:00:00,2026-03-16 00:00:00,25,25,200,173.5,149.6,23.9,215.7,80.4,82,1,Yes,95.6,81.7,6,0,1.6,Completed,Feb-2026,8,0
381,BAT202607-10,ASS0096,Fresher,AR,Client Alpha,TR008,Generic Training,Classroom,2026-07-07 00:00:00,2026-07-12 00:00:00,6,6,48,47.4,28.8,18.6,48.1,98.5,99,1,Yes,77.5,76,3,1,1,Completed,Jul-2026,28,0
382,BAT202607-10,ASS0096,Fresher,AR,Client Alpha,TR008,CST,Classroom,2026-07-13 00:00:00,2026-07-17 00:00:00,5,5,40,38.8,30.9,7.9,40.7,95.3,84,1,Yes,78,78.7,3,0,1.8,Extended,Jul-2026,29,0
383,BAT202607-10,ASS0096,Fresher,AR,Client Alpha,TR008,LAW,Hybrid,2026-07-18 00:00:00,2026-07-27 00:00:00,10,10,80,79.8,61.4,18.4,86.2,92.6,78,1,Yes,91.9,100,2,1,1.8,Completed,Jul-2026,29,0
384,BAT202607-10,ASS0096,Fresher,AR,Client Alpha,TR008,OJT,Classroom,2026-07-28 00:00:00,2026-08-21 00:00:00,25,25,200,178.8,143.2,35.6,187.7,95.3,91,1,Yes,81.2,75.8,9,0,0.4,Completed,Jul-2026,31,0
385,BAT202606-10,ASS0097,Fresher,BRCM,Client Beta,TR002,Generic Training,Floor,2026-06-06 00:00:00,2026-06-11 00:00:00,6,6,48,39.5,32.3,7.2,47.7,82.8,73,1,Yes,92.9,100,2,3,0.8,Completed,Jun-2026,23,0
386,BAT202606-10,ASS0097,Fresher,BRCM,Client Beta,TR002,CST,Hybrid,2026-06-12 00:00:00,2026-06-15 00:00:00,4,4,32,28.6,24,4.6,29.9,95.7,78,1,Yes,97.1,83.1,2,0,1.7,Completed,Jun-2026,24,0
387,BAT202606-10,ASS0097,Fresher,BRCM,Client Beta,TR002,LAW,Classroom,2026-06-16 00:00:00,2026-06-25 00:00:00,10,10,80,73.1,65.8,7.3,79.8,91.6,84,1,Yes,81.4,80.6,11,0,0.9,Extended,Jun-2026,25,0
388,BAT202606-10,ASS0097,Fresher,BRCM,Client Beta,TR002,OJT,Virtual,2026-06-26 00:00:00,2026-07-20 00:00:00,25,25,200,186,97.1,88.9,211.2,88.1,67,3,No,84.4,76.8,10,1,4.2,Completed,Jun-2026,26,0
389,BAT202603-10,ASS0098,Fresher,CBR,River Health,TR006,Generic Training,Floor,2026-03-20 00:00:00,2026-03-27 00:00:00,8,8,64,64,42.6,21.4,60.2,106.3,78,1,Yes,82.2,76.1,4,1,1,Completed,Mar-2026,12,0
390,BAT202603-10,ASS0098,Fresher,CBR,River Health,TR006,CST,Classroom,2026-03-28 00:00:00,2026-03-30 00:00:00,3,3,24,24,15.2,8.8,23.1,103.9,93,1,Yes,96.6,86.3,3,1,1,Completed,Mar-2026,13,0
391,BAT202603-10,ASS0098,Fresher,CBR,River Health,TR006,LAW,Hybrid,2026-03-31 00:00:00,2026-04-09 00:00:00,10,10,80,70.1,66.6,3.5,78.3,89.5,77,1,Yes,88.6,97.4,7,0,1.3,Completed,Mar-2026,14,0
392,BAT202604-10,ASS0098,Fresher,CBR,River Health,TR006,OJT,Classroom,2026-04-10 00:00:00,2026-05-04 00:00:00,25,25,200,199.2,143.3,55.9,215.6,92.4,100,1,Yes,89,74.2,6,2,0.5,Completed,Apr-2026,15,0
393,BAT202601-10,ASS0099,Experienced,BRCM,Revere Health,TR006,Generic Training,Floor,2026-01-12 00:00:00,2026-01-13 00:00:00,2,2,16,14.4,8.7,5.7,15,96,82,1,Yes,88.1,69.6,0,0,0.7,Completed,Jan-2026,3,0
394,BAT202601-10,ASS0099,Experienced,BRCM,Revere Health,TR006,CST,Hybrid,2026-01-14 00:00:00,2026-01-15 00:00:00,2,2,16,13.9,12.4,1.5,16.6,83.7,89,1,Yes,97.3,77.1,5,0,0.2,Completed,Jan-2026,3,0
395,BAT202601-10,ASS0099,Experienced,BRCM,Revere Health,TR006,LAW,Classroom,2026-01-16 00:00:00,2026-01-20 00:00:00,5,5,40,36.4,23.8,12.6,41,88.8,71,1,Yes,82.2,84.8,6,1,1.4,Completed,Jan-2026,3,0
396,BAT202601-10,ASS0099,Experienced,BRCM,Revere Health,TR006,OJT,Classroom,2026-01-21 00:00:00,2026-02-04 00:00:00,15,15,120,98.7,68.3,30.4,116.7,84.6,83,1,Yes,90.8,87.8,4,0,1,Completed,Jan-2026,4,0
397,BAT202608-10,ASS0100,Fresher,Charge Entry,Client Beta,TR008,Generic Training,Classroom,2026-08-03 00:00:00,2026-08-09 00:00:00,7,7,56,56,31.5,24.5,54.5,102.8,71,1,Yes,96.3,83.5,3,2,1.2,Completed,Aug-2026,32,0
398,BAT202608-10,ASS0100,Fresher,Charge Entry,Client Beta,TR008,CST,Hybrid,2026-08-10 00:00:00,2026-08-13 00:00:00,4,4,32,28.7,19.7,9,33.7,85.2,81,1,Yes,90,82.1,1,2,1.7,Completed,Aug-2026,33,0
399,BAT202608-10,ASS0100,Fresher,Charge Entry,Client Beta,TR008,LAW,Floor,2026-08-14 00:00:00,2026-08-23 00:00:00,10,10,80,79.4,49.1,30.3,84.6,93.9,76,1,Yes,82.1,84.8,5,1,1.4,Completed,Aug-2026,33,0
400,BAT202608-10,ASS0100,Fresher,Charge Entry,Client Beta,TR008,OJT,Virtual,2026-08-24 00:00:00,2026-09-17 00:00:00,25,25,200,155.9,101.1,54.8,215,72.5,81,1,Yes,85.1,93.1,11,2,0.9,Completed,Aug-2026,35,0
401,BAT202604-11,ASS0101,Experienced,EVBV,Client Alpha,TR008,Generic Training,Virtual,2026-04-30 00:00:00,2026-05-01 00:00:00,2,2,16,14.5,9,5.5,16,90.6,84,1,Yes,71.7,85.7,0,1,1.6,Completed,Apr-2026,18,0
402,BAT202605-11,ASS0101,Experienced,EVBV,Client Alpha,TR008,CST,Classroom,2026-05-02 00:00:00,2026-05-04 00:00:00,3,3,24,22,11.4,10.6,23.4,94,69,2,No,70.6,100,1,2,7,Completed,May-2026,18,0
403,BAT202605-11,ASS0101,Experienced,EVBV,Client Alpha,TR008,LAW,Floor,2026-05-05 00:00:00,2026-05-09 00:00:00,5,5,40,40,32.9,7.1,39.2,102,79,2,No,71.3,91.2,11,3,2.8,Completed,May-2026,19,0
404,BAT202605-11,ASS0101,Experienced,EVBV,Client Alpha,TR008,OJT,Classroom,2026-05-10 00:00:00,2026-05-23 00:00:00,15,14,120,117.7,89.1,28.6,112.6,104.5,96,1,Yes,87.9,70.6,2,1,0.3,Completed,May-2026,19,0
405,BAT202606-11,ASS0102,Fresher,Billing,Revere Health,TR005,Generic Training,Classroom,2026-06-21 00:00:00,2026-06-28 00:00:00,8,8,64,64,40.4,23.6,61.4,104.2,76,1,Yes,87.7,82.6,2,0,1.8,Extended,Jun-2026,25,0
406,BAT202606-11,ASS0102,Fresher,Billing,Revere Health,TR005,CST,Hybrid,2026-06-29 00:00:00,2026-07-02 00:00:00,4,4,32,28.8,21.8,7,30.7,93.8,84,2,No,75.8,97.4,4,2,2.1,Completed,Jun-2026,27,0
407,BAT202607-11,ASS0102,Fresher,Billing,Revere Health,TR005,LAW,Classroom,2026-07-03 00:00:00,2026-07-12 00:00:00,10,10,80,73.1,40,33.1,80.2,91.1,83,1,Yes,85.2,84.4,6,0,0.4,Completed,Jul-2026,27,0
408,BAT202607-11,ASS0102,Fresher,Billing,Revere Health,TR005,OJT,Floor,2026-07-13 00:00:00,2026-08-06 00:00:00,25,25,200,180,127.9,52.1,203.5,88.5,70,2,No,78.2,69.7,2,4,4.2,Completed,Jul-2026,29,0
409,BAT202607-11,ASS0103,Experienced,BRCM,Client Alpha,TR005,Generic Training,Floor,2026-07-01 00:00:00,2026-07-04 00:00:00,4,4,32,29.1,13.4,15.7,32.2,90.4,74,1,Yes,75.5,96.6,1,1,1.9,Completed,Jul-2026,27,0
410,BAT202607-11,ASS0103,Experienced,BRCM,Client Alpha,TR005,CST,Hybrid,2026-07-05 00:00:00,2026-07-06 00:00:00,3,2,24,22.5,13,9.5,24.3,92.6,65,2,No,70.3,86.6,1,4,6.8,Completed,Jul-2026,27,0
411,BAT202607-11,ASS0103,Experienced,BRCM,Client Alpha,TR005,LAW,Classroom,2026-07-07 00:00:00,2026-07-11 00:00:00,5,5,40,35.7,24.9,10.8,42.3,84.4,71,1,Yes,100,77.3,14,0,1.4,Completed,Jul-2026,28,0
412,BAT202607-11,ASS0103,Experienced,BRCM,Client Alpha,TR005,OJT,Hybrid,2026-07-12 00:00:00,2026-07-26 00:00:00,15,15,120,114.2,76.4,37.8,124.6,91.7,80,1,Yes,89.3,84.9,8,1,0.7,Completed,Jul-2026,28,0
413,BAT202607-11,ASS0104,Fresher,Billing,River Health,TR007,Generic Training,Hybrid,2026-07-04 00:00:00,2026-07-10 00:00:00,7,7,56,52.1,31.3,20.8,60.1,86.7,98,1,Yes,79.4,90.7,3,0,0,Completed,Jul-2026,27,0
414,BAT202607-11,ASS0104,Fresher,Billing,River Health,TR007,CST,Classroom,2026-07-11 00:00:00,2026-07-14 00:00:00,4,4,32,30.7,25.8,4.9,31.5,97.5,82,1,Yes,73.8,89.1,3,0,1.6,Completed,Jul-2026,28,0
415,BAT202607-11,ASS0104,Fresher,Billing,River Health,TR007,LAW,Classroom,2026-07-15 00:00:00,2026-07-24 00:00:00,10,10,80,80,50.3,29.7,81.1,98.6,93,1,Yes,89,72.5,6,1,1.1,Completed,Jul-2026,29,0
416,BAT202607-11,ASS0104,Fresher,Billing,River Health,TR007,OJT,Floor,2026-07-25 00:00:00,2026-08-18 00:00:00,25,25,200,177.1,92.7,84.4,201.5,87.9,67,2,No,89.8,71.7,1,0,3,Completed,Jul-2026,30,0
417,BAT202606-11,ASS0105,Fresher,Billing,Revere Health,TR004,Generic Training,Classroom,2026-06-09 00:00:00,2026-06-15 00:00:00,7,7,56,51.8,42.1,9.7,54.1,95.7,74,1,Yes,99.8,90.9,1,0,0.8,Completed,Jun-2026,24,0
418,BAT202606-11,ASS0105,Fresher,Billing,Revere Health,TR004,CST,Floor,2026-06-16 00:00:00,2026-06-17 00:00:00,3,2,24,20.3,14.3,6,24.8,81.9,90,1,Yes,96,67.3,6,3,0.1,Completed,Jun-2026,25,0
419,BAT202606-11,ASS0105,Fresher,Billing,Revere Health,TR004,LAW,Virtual,2026-06-18 00:00:00,2026-06-27 00:00:00,10,10,80,80,66,14,77.3,103.5,83,1,Yes,86.5,97.1,9,0,0.6,Completed,Jun-2026,25,0
420,BAT202606-11,ASS0105,Fresher,Billing,Revere Health,TR004,OJT,Virtual,2026-06-28 00:00:00,2026-07-22 00:00:00,25,25,200,200,171.3,28.7,207.6,96.3,88,1,Yes,87.4,85.7,6,0,1.6,Completed,Jun-2026,26,0
421,BAT202606-11,ASS0106,Fresher,Charge Entry,Client Alpha,TR002,Generic Training,Hybrid,2026-06-03 00:00:00,2026-06-05 00:00:00,5,3,40,38.2,21.1,17.1,39,97.9,76,1,Yes,85.9,72,0,1,0.3,Completed,Jun-2026,23,0
422,BAT202606-11,ASS0106,Fresher,Charge Entry,Client Alpha,TR002,CST,Classroom,2026-06-06 00:00:00,2026-06-08 00:00:00,3,3,24,24,16.5,7.5,22.2,108.1,81,1,Yes,85.3,81.3,3,1,0.3,Completed,Jun-2026,23,0
423,BAT202606-11,ASS0106,Fresher,Charge Entry,Client Alpha,TR002,LAW,Classroom,2026-06-09 00:00:00,2026-06-18 00:00:00,10,10,80,65,46.2,18.8,74.7,87,83,1,Yes,76.8,72.8,5,1,0.9,Completed,Jun-2026,24,0
424,BAT202606-11,ASS0106,Fresher,Charge Entry,Client Alpha,TR002,OJT,Floor,2026-06-19 00:00:00,2026-07-13 00:00:00,25,25,200,179.4,103,76.4,214.2,83.8,91,2,No,83.1,89,5,0,5,Completed,Jun-2026,25,0
425,BAT202606-11,ASS0107,Experienced,EVBV,Revere Health,TR005,Generic Training,Virtual,2026-06-22 00:00:00,2026-06-23 00:00:00,2,2,16,14.9,10.4,4.5,17.3,86.1,84,1,Yes,86,82.4,1,1,0.2,Completed,Jun-2026,26,0
426,BAT202606-11,ASS0107,Experienced,EVBV,Revere Health,TR005,CST,Floor,2026-06-24 00:00:00,2026-06-26 00:00:00,3,3,24,21.5,16.8,4.7,24.8,86.7,77,1,Yes,90.4,90,2,0,0.2,Completed,Jun-2026,26,0
427,BAT202606-11,ASS0107,Experienced,EVBV,Revere Health,TR005,LAW,Classroom,2026-06-27 00:00:00,2026-07-01 00:00:00,5,5,40,34.8,25.8,9,40.5,85.9,86,2,No,82.6,81.8,10,0,7.7,Completed,Jun-2026,26,0
428,BAT202607-11,ASS0107,Experienced,EVBV,Revere Health,TR005,OJT,Floor,2026-07-02 00:00:00,2026-07-16 00:00:00,15,15,120,112.4,81.5,30.9,126.3,89,82,1,Yes,98.9,95.5,8,1,1.1,Completed,Jul-2026,27,0
429,BAT202606-11,ASS0108,Fresher,CBR,Revere Health,TR001,Generic Training,Classroom,2026-06-19 00:00:00,2026-06-23 00:00:00,7,5,56,56,42,14,57.7,97.1,73,1,Yes,83.7,76.6,1,0,1.5,Completed,Jun-2026,25,0
430,BAT202606-11,ASS0108,Fresher,CBR,Revere Health,TR001,CST,Classroom,2026-06-24 00:00:00,2026-06-27 00:00:00,3,4,24,23,15.8,7.2,25,92,74,1,Yes,79.2,75,3,2,1.1,Completed,Jun-2026,26,1
431,BAT202606-11,ASS0108,Fresher,CBR,Revere Health,TR001,LAW,Floor,2026-06-28 00:00:00,2026-07-07 00:00:00,10,10,80,80,52.5,27.5,82.4,97.1,87,1,Yes,76.9,83.5,7,1,1.5,Completed,Jun-2026,26,0
432,BAT202607-11,ASS0108,Fresher,CBR,Revere Health,TR001,OJT,Hybrid,2026-07-08 00:00:00,2026-08-01 00:00:00,25,25,200,200,188.4,11.6,196,102,73,1,Yes,92.8,87.1,7,1,0.1,Extended,Jul-2026,28,0
433,BAT202603-11,ASS0109,Fresher,BRCM,River Health,TR001,Generic Training,Classroom,2026-03-15 00:00:00,2026-03-19 00:00:00,5,5,40,40,26.7,13.3,42.4,94.3,87,1,Yes,96.7,92.2,1,2,0.3,Completed,Mar-2026,11,0
434,BAT202603-11,ASS0109,Fresher,BRCM,River Health,TR001,CST,Classroom,2026-03-20 00:00:00,2026-03-21 00:00:00,3,2,24,20.9,13,7.9,23.7,88.2,73,1,Yes,86.1,77.8,3,1,1.3,Extended,Mar-2026,12,0
435,BAT202603-11,ASS0109,Fresher,BRCM,River Health,TR001,LAW,Classroom,2026-03-22 00:00:00,2026-03-31 00:00:00,10,10,80,62.2,49.1,13.1,82,75.9,75,1,Yes,83.3,87.2,13,2,0.1,Completed,Mar-2026,12,0
436,BAT202604-11,ASS0109,Fresher,BRCM,River Health,TR001,OJT,Classroom,2026-04-01 00:00:00,2026-04-26 00:00:00,25,26,200,186,153,33,203.2,91.5,90,1,Yes,83,98,5,1,0.9,Completed,Apr-2026,14,1
437,BAT202607-11,ASS0110,Experienced,AUTH,Client Delta,TR007,Generic Training,Floor,2026-07-19 00:00:00,2026-07-21 00:00:00,3,3,24,21.8,13.3,8.5,23.6,92.4,79,1,Yes,63.5,91.3,1,1,0.5,Completed,Jul-2026,29,0
438,BAT202607-11,ASS0110,Experienced,AUTH,Client Delta,TR007,CST,Floor,2026-07-22 00:00:00,2026-07-24 00:00:00,3,3,24,23.5,19.3,4.2,23.1,101.7,80,3,No,85.3,86.9,3,3,4.9,Completed,Jul-2026,30,0
439,BAT202607-11,ASS0110,Experienced,AUTH,Client Delta,TR007,LAW,Hybrid,2026-07-25 00:00:00,2026-07-29 00:00:00,5,5,40,34.5,23.4,11.1,40.7,84.8,82,1,Yes,90.5,64.3,7,1,1.8,Completed,Jul-2026,30,0
440,BAT202607-11,ASS0110,Experienced,AUTH,Client Delta,TR007,OJT,Hybrid,2026-07-30 00:00:00,2026-08-13 00:00:00,15,15,120,105,69,36,122.3,85.9,94,2,No,88.2,64.4,3,4,2.3,Completed,Jul-2026,31,0
441,BAT202608-12,ASS0111,Fresher,BRCM,River Health,TR006,Generic Training,Virtual,2026-08-01 00:00:00,2026-08-08 00:00:00,8,8,64,59.7,50.6,9.1,67.9,87.9,93,1,Yes,87.5,87.3,1,0,1.8,Completed,Aug-2026,31,0
442,BAT202608-12,ASS0111,Fresher,BRCM,River Health,TR006,CST,Classroom,2026-08-09 00:00:00,2026-08-12 00:00:00,4,4,32,29.2,17.7,11.5,32.7,89.3,78,1,Yes,84.5,88.6,1,1,0.9,Completed,Aug-2026,32,0
443,BAT202608-12,ASS0111,Fresher,BRCM,River Health,TR006,LAW,Virtual,2026-08-13 00:00:00,2026-08-22 00:00:00,10,10,80,77.9,65.5,12.4,82.4,94.5,58,2,No,91.7,86.8,11,3,5,Completed,Aug-2026,33,0
444,BAT202608-12,ASS0111,Fresher,BRCM,River Health,TR006,OJT,Hybrid,2026-08-23 00:00:00,2026-09-16 00:00:00,25,25,200,184.6,78.4,106.2,188.2,98.1,75,1,Yes,84.8,81.3,5,1,1.4,Completed,Aug-2026,34,0
445,BAT202601-12,ASS0112,Experienced,AUTH,Client Alpha,TR001,Generic Training,Virtual,2026-01-15 00:00:00,2026-01-16 00:00:00,2,2,16,14.1,8.6,5.5,17.1,82.5,100,1,Yes,88.2,72.7,2,1,1.7,Completed,Jan-2026,3,0
446,BAT202601-12,ASS0112,Experienced,AUTH,Client Alpha,TR001,CST,Hybrid,2026-01-17 00:00:00,2026-01-18 00:00:00,2,2,16,16,13.4,2.6,15,106.7,86,1,Yes,86.5,66.7,5,0,1,Completed,Jan-2026,3,0
447,BAT202601-12,ASS0112,Experienced,AUTH,Client Alpha,TR001,LAW,Classroom,2026-01-19 00:00:00,2026-01-23 00:00:00,5,5,40,40,28.9,11.1,42.5,94.1,77,1,Yes,81.2,77.5,8,1,0.4,Completed,Jan-2026,4,0
448,BAT202601-12,ASS0112,Experienced,AUTH,Client Alpha,TR001,OJT,Floor,2026-01-24 00:00:00,2026-02-08 00:00:00,15,16,120,105.5,67.9,37.6,120.8,87.3,88,1,Yes,90.8,91.4,7,2,2,Completed,Jan-2026,4,1
449,BAT202605-12,ASS0113,Experienced,BRCM,Client Gamma,TR001,Generic Training,Floor,2026-05-28 00:00:00,2026-05-31 00:00:00,4,4,32,31.3,20.9,10.4,29.7,105.4,92,1,Yes,77.7,69.6,2,0,1.6,Completed,May-2026,22,0
450,BAT202606-12,ASS0113,Experienced,BRCM,Client Gamma,TR001,CST,Classroom,2026-06-01 00:00:00,2026-06-03 00:00:00,3,3,24,23,18,5,23,100,68,3,No,81,87.7,0,3,2.1,Completed,Jun-2026,23,0
451,BAT202606-12,ASS0113,Experienced,BRCM,Client Gamma,TR001,LAW,Floor,2026-06-04 00:00:00,2026-06-08 00:00:00,5,5,40,33.1,27.7,5.4,39.3,84.2,92,2,No,86.8,69.7,7,2,3.9,Completed,Jun-2026,23,0
452,BAT202606-12,ASS0113,Experienced,BRCM,Client Gamma,TR001,OJT,Hybrid,2026-06-09 00:00:00,2026-06-21 00:00:00,15,13,120,120,83,37,122.7,97.8,76,1,Yes,79.7,83.8,2,1,1.7,Completed,Jun-2026,24,0
453,BAT202605-12,ASS0114,Fresher,AUTH,River Health,TR007,Generic Training,Classroom,2026-05-11 00:00:00,2026-05-20 00:00:00,8,10,64,63.9,59.1,4.8,58.9,108.5,81,2,No,84.6,71.4,1,1,2.6,Completed,May-2026,20,1
454,BAT202605-12,ASS0114,Fresher,AUTH,River Health,TR007,CST,Hybrid,2026-05-21 00:00:00,2026-05-23 00:00:00,3,3,24,24,16.2,7.8,25.5,94.1,58,2,No,96.1,100,0,1,4.1,Completed,May-2026,21,0
455,BAT202605-12,ASS0114,Fresher,AUTH,River Health,TR007,LAW,Floor,2026-05-24 00:00:00,2026-06-01 00:00:00,10,9,80,79.9,61.7,18.2,81.9,97.6,84,1,Yes,81.4,64.5,8,1,0.7,Completed,May-2026,21,0
456,BAT202606-12,ASS0114,Fresher,AUTH,River Health,TR007,OJT,Floor,2026-06-02 00:00:00,2026-06-26 00:00:00,25,25,200,161.5,101.2,60.3,204.4,79,86,1,Yes,82.5,84.8,1,0,1.4,Completed,Jun-2026,23,0
457,BAT202607-12,ASS0115,Fresher,Charge Entry,Client Delta,TR003,Generic Training,Classroom,2026-07-20 00:00:00,2026-07-24 00:00:00,5,5,40,37.4,24,13.4,37.8,98.9,74,3,No,87.8,80.2,1,2,6.2,Completed,Jul-2026,30,0
458,BAT202607-12,ASS0115,Fresher,Charge Entry,Client Delta,TR003,CST,Hybrid,2026-07-25 00:00:00,2026-07-29 00:00:00,5,5,40,39.2,27.7,11.5,38.6,101.6,68,3,No,78.8,74.9,1,3,4.1,Extended,Jul-2026,30,0
459,BAT202607-12,ASS0115,Fresher,Charge Entry,Client Delta,TR003,LAW,Virtual,2026-07-30 00:00:00,2026-08-08 00:00:00,10,10,80,71.7,46.5,25.2,79.4,90.3,82,1,Yes,83.8,75.1,5,1,1.4,Completed,Jul-2026,31,0
460,BAT202608-12,ASS0115,Fresher,Charge Entry,Client Delta,TR003,OJT,Hybrid,2026-08-09 00:00:00,2026-09-02 00:00:00,25,25,200,190,145.1,44.9,199.7,95.1,80,1,Yes,75.3,90.5,8,0,1.7,Completed,Aug-2026,32,0
461,BAT202601-12,ASS0116,Fresher,BRCM,Client Beta,TR007,Generic Training,Classroom,2026-01-20 00:00:00,2026-01-25 00:00:00,6,6,48,43.7,28.6,15.1,49.8,87.8,64,2,No,78.1,76.9,2,1,4.3,Completed,Jan-2026,4,0
462,BAT202601-12,ASS0116,Fresher,BRCM,Client Beta,TR007,CST,Floor,2026-01-26 00:00:00,2026-01-29 00:00:00,4,4,32,31,18.6,12.4,30.7,101,74,1,Yes,95.5,88.7,2,1,2,Completed,Jan-2026,5,0
463,BAT202601-12,ASS0116,Fresher,BRCM,Client Beta,TR007,LAW,Classroom,2026-01-30 00:00:00,2026-02-08 00:00:00,10,10,80,77.1,56.8,20.3,82.1,93.9,73,1,Yes,90.9,80.3,7,0,0.4,Completed,Jan-2026,5,0
464,BAT202602-12,ASS0116,Fresher,BRCM,Client Beta,TR007,OJT,Classroom,2026-02-09 00:00:00,2026-03-06 00:00:00,25,26,200,179.9,128.7,51.2,193.2,93.1,78,1,Yes,87.9,45.1,5,0,0.5,Completed,Feb-2026,7,1
465,BAT202606-12,ASS0117,Fresher,CBR,River Health,TR008,Generic Training,Virtual,2026-06-28 00:00:00,2026-07-03 00:00:00,6,6,48,48,36.9,11.1,48.6,98.8,65,2,No,89.2,94,0,2,6.1,Completed,Jun-2026,26,0
466,BAT202607-12,ASS0117,Fresher,CBR,River Health,TR008,CST,Hybrid,2026-07-04 00:00:00,2026-07-06 00:00:00,3,3,24,20.1,11,9.1,24.2,83.1,64,3,No,69.5,82.9,1,1,3.8,Completed,Jul-2026,27,0
467,BAT202607-12,ASS0117,Fresher,CBR,River Health,TR008,LAW,Virtual,2026-07-07 00:00:00,2026-07-16 00:00:00,10,10,80,65.3,39.3,26,80.7,80.9,79,1,Yes,95.2,89.6,8,0,1.7,Completed,Jul-2026,28,0
468,BAT202607-12,ASS0117,Fresher,CBR,River Health,TR008,OJT,Floor,2026-07-17 00:00:00,2026-08-10 00:00:00,25,25,200,177.9,126.1,51.8,202.4,87.9,66,2,No,87.6,75.5,5,0,4.7,Completed,Jul-2026,29,0
469,BAT202608-12,ASS0118,Fresher,AR,Client Delta,TR004,Generic Training,Classroom,2026-08-21 00:00:00,2026-08-26 00:00:00,6,6,48,48,27.8,20.2,45,106.7,86,1,Yes,92.8,92.1,1,2,0.5,Completed,Aug-2026,34,0
470,BAT202608-12,ASS0118,Fresher,AR,Client Delta,TR004,CST,Classroom,2026-08-27 00:00:00,2026-08-31 00:00:00,5,5,40,39.2,31.2,8,37.9,103.4,83,1,Yes,84,85.3,3,1,0.9,Completed,Aug-2026,35,0
471,BAT202609-12,ASS0118,Fresher,AR,Client Delta,TR004,LAW,Hybrid,2026-09-01 00:00:00,2026-09-10 00:00:00,10,10,80,67.8,57.8,10,81.1,83.6,97,3,No,79.1,84.7,2,0,4.9,Completed,Sep-2026,36,0
472,BAT202609-12,ASS0118,Fresher,AR,Client Delta,TR004,OJT,Floor,2026-09-11 00:00:00,2026-10-05 00:00:00,25,25,200,179.6,114.2,65.4,185,97.1,78,1,Yes,70.8,78.7,4,0,0.6,Completed,Sep-2026,37,0
473,BAT202603-12,ASS0119,Experienced,AR,Revere Health,TR004,Generic Training,Classroom,2026-03-12 00:00:00,2026-03-14 00:00:00,3,3,24,24,19.4,4.6,25.9,92.7,81,2,No,95,80.8,3,0,2.1,Completed,Mar-2026,11,0
474,BAT202603-12,ASS0119,Experienced,AR,Revere Health,TR004,CST,Hybrid,2026-03-15 00:00:00,2026-03-17 00:00:00,3,3,24,24,19.3,4.7,23.5,102.1,72,1,Yes,94.3,71.8,0,1,1.3,Completed,Mar-2026,11,0
475,BAT202603-12,ASS0119,Experienced,AR,Revere Health,TR004,LAW,Classroom,2026-03-18 00:00:00,2026-03-24 00:00:00,5,7,40,37.9,24.9,13,42.6,89,81,1,Yes,95,62.9,6,0,0.6,Completed,Mar-2026,12,1
476,BAT202603-12,ASS0119,Experienced,AR,Revere Health,TR004,OJT,Hybrid,2026-03-25 00:00:00,2026-04-08 00:00:00,15,15,120,117.8,75,42.8,125.8,93.6,75,1,Yes,97.4,73.8,5,0,0.6,Completed,Mar-2026,13,0
477,BAT202606-12,ASS0120,Experienced,EVBV,River Health,TR008,Generic Training,Hybrid,2026-06-08 00:00:00,2026-06-10 00:00:00,3,3,24,22.7,17.4,5.3,24.5,92.7,86,1,Yes,83.1,74.3,2,1,0,Completed,Jun-2026,24,0
478,BAT202606-12,ASS0120,Experienced,EVBV,River Health,TR008,CST,Floor,2026-06-11 00:00:00,2026-06-13 00:00:00,3,3,24,19,13.3,5.7,23,82.6,98,1,Yes,92,79.6,2,2,1.6,Completed,Jun-2026,24,0
479,BAT202606-12,ASS0120,Experienced,EVBV,River Health,TR008,LAW,Hybrid,2026-06-14 00:00:00,2026-06-18 00:00:00,5,5,40,38.4,27.8,10.6,39.8,96.5,94,1,Yes,81.9,71.7,4,2,0.7,Completed,Jun-2026,24,0
480,BAT202606-12,ASS0120,Experienced,EVBV,River Health,TR008,OJT,Floor,2026-06-19 00:00:00,2026-07-03 00:00:00,15,15,120,117.2,62.4,54.8,121.9,96.1,76,1,Yes,90.7,88,4,0,0.6,Completed,Jun-2026,25,0
481,BAT202605-13,ASS0121,Fresher,Payment Posting,Client Alpha,TR003,Generic Training,Classroom,2026-05-14 00:00:00,2026-05-20 00:00:00,7,7,56,52.3,44,8.3,51.8,101,66,2,No,73.6,67.8,4,2,4.8,Completed,May-2026,20,0
482,BAT202605-13,ASS0121,Fresher,Payment Posting,Client Alpha,TR003,CST,Hybrid,2026-05-21 00:00:00,2026-05-25 00:00:00,5,5,40,40,23.4,16.6,41.7,95.9,77,1,Yes,78,76.8,3,3,1,Completed,May-2026,21,0
483,BAT202605-13,ASS0121,Fresher,Payment Posting,Client Alpha,TR003,LAW,Floor,2026-05-26 00:00:00,2026-06-02 00:00:00,10,8,80,73.9,49.8,24.1,79.6,92.8,75,2,No,89.7,68.6,12,0,4.2,Completed,May-2026,22,0
484,BAT202606-13,ASS0121,Fresher,Payment Posting,Client Alpha,TR003,OJT,Floor,2026-06-03 00:00:00,2026-06-25 00:00:00,25,23,200,192.3,153.8,38.5,191.4,100.5,84,2,No,84.5,90.5,6,1,6.1,Completed,Jun-2026,23,0
485,BAT202606-13,ASS0122,Experienced,Payment Posting,Client Alpha,TR003,Generic Training,Classroom,2026-06-26 00:00:00,2026-06-27 00:00:00,2,2,16,14.2,9.3,4.9,15,94.7,75,3,No,85.3,91.4,1,2,4.9,Completed,Jun-2026,26,0
486,BAT202606-13,ASS0122,Experienced,Payment Posting,Client Alpha,TR003,CST,Virtual,2026-06-28 00:00:00,2026-07-02 00:00:00,3,5,24,23.7,16.9,6.8,23.4,101.3,86,1,Yes,77.4,72.8,3,1,1.3,Completed,Jun-2026,26,1
487,BAT202607-13,ASS0122,Experienced,Payment Posting,Client Alpha,TR003,LAW,Classroom,2026-07-03 00:00:00,2026-07-07 00:00:00,5,5,40,33.4,25.6,7.8,42.2,79.1,82,1,Yes,84,93.8,6,0,1.3,Completed,Jul-2026,27,0
488,BAT202607-13,ASS0122,Experienced,Payment Posting,Client Alpha,TR003,OJT,Hybrid,2026-07-08 00:00:00,2026-07-22 00:00:00,15,15,120,118.6,83.2,35.4,117.5,100.9,80,1,Yes,85.7,71.4,5,0,1.8,Completed,Jul-2026,28,0
489,BAT202607-13,ASS0123,Experienced,AUTH,Client Beta,TR001,Generic Training,Hybrid,2026-07-19 00:00:00,2026-07-20 00:00:00,2,2,16,14.3,5.7,8.6,16.8,85.1,100,1,Yes,79.6,72.3,0,1,0.1,Completed,Jul-2026,29,0
490,BAT202607-13,ASS0123,Experienced,AUTH,Client Beta,TR001,CST,Classroom,2026-07-21 00:00:00,2026-07-23 00:00:00,3,3,24,19.7,11.8,7.9,22.3,88.3,60,3,No,96,53.8,1,4,4.8,Completed,Jul-2026,30,0
491,BAT202607-13,ASS0123,Experienced,AUTH,Client Beta,TR001,LAW,Floor,2026-07-24 00:00:00,2026-07-28 00:00:00,5,5,40,40,23.5,16.5,37.9,105.5,93,1,Yes,85.9,80,8,0,0.6,Completed,Jul-2026,30,0
492,BAT202607-13,ASS0123,Experienced,AUTH,Client Beta,TR001,OJT,Classroom,2026-07-29 00:00:00,2026-08-12 00:00:00,15,15,120,111.5,87.1,24.4,123.4,90.4,75,1,Yes,86.6,79.1,7,2,0,Completed,Jul-2026,31,0
493,BAT202607-13,ASS0124,Fresher,BRCM,Client Alpha,TR001,Generic Training,Classroom,2026-07-01 00:00:00,2026-07-05 00:00:00,5,5,40,32.6,24,8.6,39.8,81.9,81,1,Yes,95.1,96.4,2,0,0.5,Completed,Jul-2026,27,0
494,BAT202607-13,ASS0124,Fresher,BRCM,Client Alpha,TR001,CST,Classroom,2026-07-06 00:00:00,2026-07-09 00:00:00,3,4,24,23.2,17.7,5.5,22.9,101.3,76,3,No,84.4,86.9,4,1,5.1,Completed,Jul-2026,28,1
495,BAT202607-13,ASS0124,Fresher,BRCM,Client Alpha,TR001,LAW,Virtual,2026-07-10 00:00:00,2026-07-19 00:00:00,10,10,80,74.5,49.9,24.6,83.2,89.5,86,1,Yes,95.6,81.7,5,3,1.9,Extended,Jul-2026,28,0
496,BAT202607-13,ASS0124,Fresher,BRCM,Client Alpha,TR001,OJT,Classroom,2026-07-20 00:00:00,2026-08-13 00:00:00,25,25,200,200,147.5,52.5,207.2,96.5,77,2,No,84.5,100,7,3,7.9,Extended,Jul-2026,30,0
497,BAT202602-13,ASS0125,Fresher,CBR,Revere Health,TR008,Generic Training,Classroom,2026-02-26 00:00:00,2026-03-05 00:00:00,8,8,64,57.1,41.7,15.4,64.5,88.5,78,1,Yes,97,77.1,2,0,1.2,Completed,Feb-2026,9,0
498,BAT202603-13,ASS0125,Fresher,CBR,Revere Health,TR008,CST,Hybrid,2026-03-06 00:00:00,2026-03-10 00:00:00,5,5,40,33.9,23.6,10.3,42.4,80,81,1,Yes,80.3,91.4,3,0,0,Completed,Mar-2026,10,0
499,BAT202603-13,ASS0125,Fresher,CBR,Revere Health,TR008,LAW,Classroom,2026-03-11 00:00:00,2026-03-20 00:00:00,10,10,80,68.4,50.3,18.1,77.9,87.8,91,1,Yes,79.8,92.1,8,1,1.9,Completed,Mar-2026,11,0
500,BAT202603-13,ASS0125,Fresher,CBR,Revere Health,TR008,OJT,Classroom,2026-03-21 00:00:00,2026-04-14 00:00:00,25,25,200,169.9,118,51.9,184.6,92,79,1,Yes,82,83.5,4,1,0.6,Completed,Mar-2026,12,0
501,BAT202605-13,ASS0126,Experienced,AR,Revere Health,TR005,Generic Training,Floor,2026-05-01 00:00:00,2026-05-03 00:00:00,3,3,24,24,17.5,6.5,22.2,108.1,45,2,No,95.9,82.9,2,2,7.7,Completed,May-2026,18,0
502,BAT202605-13,ASS0126,Experienced,AR,Revere Health,TR005,CST,Floor,2026-05-04 00:00:00,2026-05-04 00:00:00,2,1,16,15.4,9.7,5.7,15.2,101.3,75,1,Yes,77.4,78.3,2,0,0.7,Completed,May-2026,19,0
503,BAT202605-13,ASS0126,Experienced,AR,Revere Health,TR005,LAW,Virtual,2026-05-05 00:00:00,2026-05-09 00:00:00,5,5,40,36.7,30.2,6.5,43.2,85,88,3,No,83.3,91,11,6,4.2,Completed,May-2026,19,0
504,BAT202605-13,ASS0126,Experienced,AR,Revere Health,TR005,OJT,Virtual,2026-05-10 00:00:00,2026-05-22 00:00:00,15,13,120,112.4,89,23.4,116.1,96.8,100,1,Yes,82.7,71.4,7,0,1,Completed,May-2026,19,0
505,BAT202601-13,ASS0127,Fresher,Billing,Client Alpha,TR001,Generic Training,Classroom,2026-01-11 00:00:00,2026-01-15 00:00:00,5,5,40,34.1,28.2,5.9,41.5,82.2,76,1,Yes,82.9,83.1,2,0,1.6,Completed,Jan-2026,2,0
506,BAT202601-13,ASS0127,Fresher,Billing,Client Alpha,TR001,CST,Hybrid,2026-01-16 00:00:00,2026-01-20 00:00:00,5,5,40,34.6,27.7,6.9,38.9,88.9,52,3,No,85.5,81,1,3,7.6,Completed,Jan-2026,3,0
507,BAT202601-13,ASS0127,Fresher,Billing,Client Alpha,TR001,LAW,Floor,2026-01-21 00:00:00,2026-01-30 00:00:00,10,10,80,75.8,53.6,22.2,84.1,90.1,80,1,Yes,94.7,93.2,4,1,0.3,Extended,Jan-2026,4,0
508,BAT202601-13,ASS0127,Fresher,Billing,Client Alpha,TR001,OJT,Hybrid,2026-01-31 00:00:00,2026-02-24 00:00:00,25,25,200,190.8,159.1,31.7,193.9,98.4,69,2,No,82.7,89.4,6,1,7.7,Completed,Jan-2026,5,0
509,BAT202602-13,ASS0128,Fresher,EVBV,Client Gamma,TR006,Generic Training,Hybrid,2026-02-14 00:00:00,2026-02-18 00:00:00,5,5,40,33.8,21.3,12.5,38.6,87.6,74,1,Yes,76.1,76.2,1,0,0.8,Completed,Feb-2026,7,0
510,BAT202602-13,ASS0128,Fresher,EVBV,Client Gamma,TR006,CST,Classroom,2026-02-19 00:00:00,2026-02-21 00:00:00,3,3,24,21.6,12.9,8.7,23.4,92.3,81,1,Yes,89.4,78.9,3,0,1.4,Completed,Feb-2026,8,0
511,BAT202602-13,ASS0128,Fresher,EVBV,Client Gamma,TR006,LAW,Hybrid,2026-02-22 00:00:00,2026-03-02 00:00:00,10,9,80,68.4,51.4,17,85.5,80,80,1,Yes,89.2,80.5,9,1,0.2,Completed,Feb-2026,8,0
512,BAT202603-13,ASS0128,Fresher,EVBV,Client Gamma,TR006,OJT,Classroom,2026-03-03 00:00:00,2026-03-27 00:00:00,25,25,200,197.1,140.6,56.5,197.4,99.8,78,1,Yes,84.3,83,9,1,1.1,Completed,Mar-2026,10,0
513,BAT202605-13,ASS0129,Fresher,EVBV,Client Beta,TR001,Generic Training,Floor,2026-05-31 00:00:00,2026-06-06 00:00:00,5,7,40,33.7,20,13.7,41.5,81.2,88,1,Yes,83.5,69.9,2,1,0.8,Completed,May-2026,22,1
514,BAT202606-13,ASS0129,Fresher,EVBV,Client Beta,TR001,CST,Floor,2026-06-07 00:00:00,2026-06-10 00:00:00,4,4,32,30.8,21.5,9.3,31.7,97.2,80,1,Yes,72.7,79.4,1,3,0,Completed,Jun-2026,23,0
515,BAT202606-13,ASS0129,Fresher,EVBV,Client Beta,TR001,LAW,Classroom,2026-06-11 00:00:00,2026-06-20 00:00:00,10,10,80,74,47,27,74.2,99.7,87,1,Yes,82.5,78.7,5,0,0.1,Completed,Jun-2026,24,0
516,BAT202606-13,ASS0129,Fresher,EVBV,Client Beta,TR001,OJT,Floor,2026-06-21 00:00:00,2026-07-15 00:00:00,25,25,200,182.6,122.4,60.2,195.7,93.3,91,1,Yes,88.2,75.1,5,1,0.2,Extended,Jun-2026,25,0
517,BAT202607-13,ASS0130,Experienced,Payment Posting,River Health,TR003,Generic Training,Virtual,2026-07-12 00:00:00,2026-07-15 00:00:00,4,4,32,30.2,22.8,7.4,32.6,92.6,82,1,Yes,83.4,86.1,2,0,1.5,Completed,Jul-2026,28,0
518,BAT202607-13,ASS0130,Experienced,Payment Posting,River Health,TR003,CST,Classroom,2026-07-16 00:00:00,2026-07-17 00:00:00,3,2,24,23.1,15.8,7.3,23.2,99.6,85,1,Yes,93.1,72.4,2,1,0.4,Completed,Jul-2026,29,0
519,BAT202607-13,ASS0130,Experienced,Payment Posting,River Health,TR003,LAW,Floor,2026-07-18 00:00:00,2026-07-23 00:00:00,5,6,40,35.6,22.5,13.1,41.9,85,73,3,No,88.6,75.1,4,2,7.5,Completed,Jul-2026,29,1
520,BAT202607-13,ASS0130,Experienced,Payment Posting,River Health,TR003,OJT,Virtual,2026-07-24 00:00:00,2026-08-07 00:00:00,15,15,120,120,81.2,38.8,117.1,102.5,84,1,Yes,95.2,75.8,3,1,0.7,Completed,Jul-2026,30,0
521,BAT202608-14,ASS0131,Experienced,AUTH,River Health,TR003,Generic Training,Virtual,2026-08-31 00:00:00,2026-09-02 00:00:00,4,3,32,28.4,16.4,12,29.7,95.6,86,1,Yes,97.1,77.3,5,1,1.4,Completed,Aug-2026,36,0
522,BAT202609-14,ASS0131,Experienced,AUTH,River Health,TR003,CST,Floor,2026-09-03 00:00:00,2026-09-04 00:00:00,2,2,16,15.3,11.1,4.2,17,90,93,1,Yes,83.5,73.2,1,1,1.7,Extended,Sep-2026,36,0
523,BAT202609-14,ASS0131,Experienced,AUTH,River Health,TR003,LAW,Virtual,2026-09-05 00:00:00,2026-09-09 00:00:00,5,5,40,36.6,28.9,7.7,37.5,97.6,91,3,No,87.7,81.4,7,3,3.2,Completed,Sep-2026,36,0
524,BAT202609-14,ASS0131,Experienced,AUTH,River Health,TR003,OJT,Floor,2026-09-10 00:00:00,2026-09-24 00:00:00,15,15,120,120,85.2,34.8,118.2,101.5,94,1,Yes,92.9,90.8,4,0,1.2,Completed,Sep-2026,37,0
525,BAT202603-14,ASS0132,Experienced,AUTH,Revere Health,TR004,Generic Training,Hybrid,2026-03-11 00:00:00,2026-03-12 00:00:00,2,2,16,15.6,9.8,5.8,16.4,95.1,81,1,Yes,95.8,81.5,0,2,0.6,Completed,Mar-2026,11,0
526,BAT202603-14,ASS0132,Experienced,AUTH,Revere Health,TR004,CST,Floor,2026-03-13 00:00:00,2026-03-15 00:00:00,3,3,24,19.8,15.4,4.4,22.3,88.8,84,1,Yes,83.9,69.2,2,0,1.3,Completed,Mar-2026,11,0
527,BAT202603-14,ASS0132,Experienced,AUTH,Revere Health,TR004,LAW,Floor,2026-03-16 00:00:00,2026-03-20 00:00:00,5,5,40,37.6,26,11.6,41,91.7,72,2,No,84.4,92.2,8,1,4,Completed,Mar-2026,12,0
528,BAT202603-14,ASS0132,Experienced,AUTH,Revere Health,TR004,OJT,Floor,2026-03-21 00:00:00,2026-04-04 00:00:00,15,15,120,114.3,88.1,26.2,123,92.9,75,1,Yes,83.7,92.5,8,0,0.8,Completed,Mar-2026,12,0
529,BAT202604-14,ASS0133,Experienced,Billing,Client Beta,TR001,Generic Training,Classroom,2026-04-10 00:00:00,2026-04-12 00:00:00,3,3,24,22.1,17.5,4.6,25.2,87.7,71,1,Yes,92.8,64.1,3,0,1.4,Completed,Apr-2026,15,0
530,BAT202604-14,ASS0133,Experienced,Billing,Client Beta,TR001,CST,Floor,2026-04-13 00:00:00,2026-04-15 00:00:00,3,3,24,23.3,19.5,3.8,22.6,103.1,85,1,Yes,86.9,98.4,4,3,0.5,Completed,Apr-2026,16,0
531,BAT202604-14,ASS0133,Experienced,Billing,Client Beta,TR001,LAW,Classroom,2026-04-16 00:00:00,2026-04-20 00:00:00,5,5,40,35.8,17.4,18.4,39.5,90.6,82,1,Yes,95.1,76.6,6,0,0.2,Completed,Apr-2026,16,0
532,BAT202604-14,ASS0133,Experienced,Billing,Client Beta,TR001,OJT,Floor,2026-04-21 00:00:00,2026-05-05 00:00:00,15,15,120,114.3,88.2,26.1,127,90,100,1,Yes,81.5,78.4,6,0,1.2,Completed,Apr-2026,17,0
533,BAT202602-14,ASS0134,Fresher,BRCM,Client Gamma,TR007,Generic Training,Floor,2026-02-07 00:00:00,2026-02-14 00:00:00,8,8,64,60.6,30.9,29.7,61.1,99.2,64,3,No,87.9,96,0,0,2.9,Completed,Feb-2026,6,0
534,BAT202602-14,ASS0134,Fresher,BRCM,Client Gamma,TR007,CST,Floor,2026-02-15 00:00:00,2026-02-17 00:00:00,3,3,24,22.2,10.7,11.5,24.9,89.2,83,1,Yes,98.4,80.3,0,1,0.4,Completed,Feb-2026,7,0
535,BAT202602-14,ASS0134,Fresher,BRCM,Client Gamma,TR007,LAW,Hybrid,2026-02-18 00:00:00,2026-02-27 00:00:00,10,10,80,75.7,58.4,17.3,85.5,88.5,80,2,No,82.7,83.6,6,3,3.2,Completed,Feb-2026,8,0
536,BAT202602-14,ASS0134,Fresher,BRCM,Client Gamma,TR007,OJT,Hybrid,2026-02-28 00:00:00,2026-03-24 00:00:00,25,25,200,185.3,147.8,37.5,206,90,87,1,Yes,95.3,80.3,5,3,1.5,Completed,Feb-2026,9,0
537,BAT202604-14,ASS0135,Fresher,AUTH,River Health,TR001,Generic Training,Hybrid,2026-04-19 00:00:00,2026-04-26 00:00:00,8,8,64,54,46,8,62.2,86.8,93,1,Yes,83.6,94.6,1,1,0.4,Completed,Apr-2026,16,0
538,BAT202604-14,ASS0135,Fresher,AUTH,River Health,TR001,CST,Hybrid,2026-04-27 00:00:00,2026-05-01 00:00:00,5,5,40,40,29.6,10.4,41.9,95.5,82,1,Yes,86.7,88.9,3,3,1.3,Completed,Apr-2026,18,0
539,BAT202605-14,ASS0135,Fresher,AUTH,River Health,TR001,LAW,Classroom,2026-05-02 00:00:00,2026-05-11 00:00:00,10,10,80,80,70.5,9.5,82.7,96.7,77,1,Yes,82.2,78.2,12,1,1.7,Completed,May-2026,18,0
540,BAT202605-14,ASS0135,Fresher,AUTH,River Health,TR001,OJT,Floor,2026-05-12 00:00:00,2026-06-05 00:00:00,25,25,200,180.7,163.9,16.8,187.5,96.4,74,1,Yes,80.2,81,8,1,1,Completed,May-2026,20,0
541,BAT202605-14,ASS0136,Fresher,Billing,River Health,TR006,Generic Training,Hybrid,2026-05-12 00:00:00,2026-05-18 00:00:00,7,7,56,52.4,38.2,14.2,60.3,86.9,69,2,No,83.5,83.3,1,1,7.4,Completed,May-2026,20,0
542,BAT202605-14,ASS0136,Fresher,Billing,River Health,TR006,CST,Floor,2026-05-19 00:00:00,2026-05-22 00:00:00,4,4,32,30,24.8,5.2,34,88.2,77,1,Yes,69.9,87.7,2,2,1.3,Completed,May-2026,21,0
543,BAT202605-14,ASS0136,Fresher,Billing,River Health,TR006,LAW,Virtual,2026-05-23 00:00:00,2026-06-01 00:00:00,10,10,80,74.3,61.4,12.9,75.3,98.7,86,2,No,79.5,79.8,8,2,3.2,Completed,May-2026,21,0
544,BAT202606-14,ASS0136,Fresher,Billing,River Health,TR006,OJT,Hybrid,2026-06-02 00:00:00,2026-06-26 00:00:00,25,25,200,191.4,146.2,45.2,194,98.7,74,1,Yes,86.2,72.1,10,1,1.7,Completed,Jun-2026,23,0
545,BAT202604-14,ASS0137,Fresher,Billing,Client Delta,TR001,Generic Training,Hybrid,2026-04-26 00:00:00,2026-04-30 00:00:00,5,5,40,29.9,22.3,7.6,40.6,73.6,84,1,Yes,76.9,100,2,1,1.9,Completed,Apr-2026,17,0
546,BAT202605-14,ASS0137,Fresher,Billing,Client Delta,TR001,CST,Floor,2026-05-01 00:00:00,2026-05-03 00:00:00,3,3,24,22.7,17.1,5.6,23.7,95.8,77,3,No,97.4,86.8,2,4,6.8,Completed,May-2026,18,0
547,BAT202605-14,ASS0137,Fresher,Billing,Client Delta,TR001,LAW,Floor,2026-05-04 00:00:00,2026-05-13 00:00:00,10,10,80,74.7,60,14.7,81.4,91.8,79,1,Yes,99.3,78.7,9,1,1.5,Completed,May-2026,19,0
548,BAT202605-14,ASS0137,Fresher,Billing,Client Delta,TR001,OJT,Classroom,2026-05-14 00:00:00,2026-06-07 00:00:00,25,25,200,171.9,132.3,39.6,210.3,81.7,62,2,No,85.4,86.3,7,1,6.1,Completed,May-2026,20,0
549,BAT202603-14,ASS0138,Experienced,Billing,Client Beta,TR002,Generic Training,Classroom,2026-03-30 00:00:00,2026-04-02 00:00:00,4,4,32,29.4,16.4,13,34.4,85.5,76,1,Yes,87.9,99,2,2,0.7,Completed,Mar-2026,14,0
550,BAT202604-14,ASS0138,Experienced,Billing,Client Beta,TR002,CST,Floor,2026-04-03 00:00:00,2026-04-04 00:00:00,2,2,16,15.8,12.7,3.1,15.8,100,100,1,Yes,97.9,77.2,2,1,0.5,Completed,Apr-2026,14,0
551,BAT202604-14,ASS0138,Experienced,Billing,Client Beta,TR002,LAW,Hybrid,2026-04-05 00:00:00,2026-04-09 00:00:00,5,5,40,34.9,25.8,9.1,39.6,88.1,63,3,No,90.7,94.5,5,1,5.7,Completed,Apr-2026,14,0
552,BAT202604-14,ASS0138,Experienced,Billing,Client Beta,TR002,OJT,Virtual,2026-04-10 00:00:00,2026-04-24 00:00:00,15,15,120,104.2,84.6,19.6,128.5,81.1,76,1,Yes,94.7,61.1,4,0,0.8,Completed,Apr-2026,15,0
553,BAT202602-14,ASS0139,Experienced,Payment Posting,Client Beta,TR001,Generic Training,Hybrid,2026-02-03 00:00:00,2026-02-04 00:00:00,2,2,16,15.7,10.8,4.9,15.7,100,70,1,Yes,96.2,77.4,1,2,0.3,Completed,Feb-2026,6,0
554,BAT202602-14,ASS0139,Experienced,Payment Posting,Client Beta,TR001,CST,Floor,2026-02-05 00:00:00,2026-02-06 00:00:00,2,2,16,14.1,10.8,3.3,16.5,85.5,90,1,Yes,98.3,86.2,0,1,1.8,Completed,Feb-2026,6,0
555,BAT202602-14,ASS0139,Experienced,Payment Posting,Client Beta,TR001,LAW,Floor,2026-02-07 00:00:00,2026-02-11 00:00:00,5,5,40,40,27.5,12.5,40.7,98.3,82,1,Yes,93.3,90.3,10,3,1.7,Completed,Feb-2026,6,0
556,BAT202602-14,ASS0139,Experienced,Payment Posting,Client Beta,TR001,OJT,Classroom,2026-02-12 00:00:00,2026-02-26 00:00:00,15,15,120,116.6,90.6,26,124.9,93.4,78,1,Yes,81.1,90,0,0,0.9,Completed,Feb-2026,7,0
557,BAT202606-14,ASS0140,Fresher,AR,Client Alpha,TR004,Generic Training,Floor,2026-06-11 00:00:00,2026-06-17 00:00:00,7,7,56,53.5,41.6,11.9,55.8,95.9,81,1,Yes,86.3,85.1,3,1,0.6,Completed,Jun-2026,24,0
558,BAT202606-14,ASS0140,Fresher,AR,Client Alpha,TR004,CST,Virtual,2026-06-18 00:00:00,2026-06-21 00:00:00,4,4,32,31.2,22.7,8.5,30.3,103,96,1,Yes,91,70.5,4,0,0.8,Completed,Jun-2026,25,0
559,BAT202606-14,ASS0140,Fresher,AR,Client Alpha,TR004,LAW,Virtual,2026-06-22 00:00:00,2026-07-01 00:00:00,10,10,80,71.7,46.9,24.8,78,91.9,75,1,Yes,94.5,64.9,3,2,1.4,Completed,Jun-2026,26,0
560,BAT202607-14,ASS0140,Fresher,AR,Client Alpha,TR004,OJT,Floor,2026-07-02 00:00:00,2026-07-26 00:00:00,25,25,200,192.7,119.3,73.4,205.7,93.7,66,3,No,94.3,89.5,6,1,4.3,Completed,Jul-2026,27,0
561,BAT202607-15,ASS0141,Fresher,AUTH,Client Gamma,TR002,Generic Training,Hybrid,2026-07-19 00:00:00,2026-07-22 00:00:00,5,4,40,37.2,22.1,15.1,41.6,89.4,77,1,Yes,95.4,92.9,1,2,0.3,Completed,Jul-2026,29,0
562,BAT202607-15,ASS0141,Fresher,AUTH,Client Gamma,TR002,CST,Classroom,2026-07-23 00:00:00,2026-07-25 00:00:00,4,3,32,28,14.9,13.1,31.7,88.3,92,1,Yes,84.6,84.2,3,1,0.6,Completed,Jul-2026,30,0
563,BAT202607-15,ASS0141,Fresher,AUTH,Client Gamma,TR002,LAW,Floor,2026-07-26 00:00:00,2026-08-04 00:00:00,10,10,80,67.9,64.5,3.4,78.5,86.5,82,1,Yes,88.5,71.1,4,0,1.3,Completed,Jul-2026,30,0
564,BAT202608-15,ASS0141,Fresher,AUTH,Client Gamma,TR002,OJT,Classroom,2026-08-05 00:00:00,2026-08-29 00:00:00,25,25,200,169.5,148.7,20.8,210.3,80.6,83,1,Yes,92.5,89.9,1,1,0.3,Extended,Aug-2026,32,0
565,BAT202608-15,ASS0142,Fresher,AR,Client Gamma,TR005,Generic Training,Hybrid,2026-08-05 00:00:00,2026-08-10 00:00:00,6,6,48,46.9,32.1,14.8,48.6,96.5,97,1,Yes,84.1,85.4,0,2,0.2,Completed,Aug-2026,32,0
566,BAT202608-15,ASS0142,Fresher,AR,Client Gamma,TR005,CST,Hybrid,2026-08-11 00:00:00,2026-08-14 00:00:00,3,4,24,23.4,15,8.4,22.7,103.1,82,1,Yes,88.8,91.1,5,0,1.7,Completed,Aug-2026,33,1
567,BAT202608-15,ASS0142,Fresher,AR,Client Gamma,TR005,LAW,Hybrid,2026-08-15 00:00:00,2026-08-24 00:00:00,10,10,80,68.9,45.9,23,77.3,89.1,92,1,Yes,94.1,91.1,10,0,1.3,Extended,Aug-2026,33,0
568,BAT202608-15,ASS0142,Fresher,AR,Client Gamma,TR005,OJT,Floor,2026-08-25 00:00:00,2026-09-18 00:00:00,25,25,200,198.6,160.7,37.9,187,106.2,100,1,Yes,93.9,92.6,7,1,1.8,Completed,Aug-2026,35,0
569,BAT202608-15,ASS0143,Fresher,CBR,River Health,TR005,Generic Training,Virtual,2026-08-24 00:00:00,2026-08-30 00:00:00,7,7,56,52.4,34.7,17.7,55.3,94.8,88,2,No,91.4,87.9,3,2,2.2,Completed,Aug-2026,35,0
570,BAT202608-15,ASS0143,Fresher,CBR,River Health,TR005,CST,Virtual,2026-08-31 00:00:00,2026-09-04 00:00:00,4,5,32,30.8,23.8,7,33.5,91.9,59,2,No,89,97.5,0,2,6.9,Completed,Aug-2026,36,1
571,BAT202609-15,ASS0143,Fresher,CBR,River Health,TR005,LAW,Classroom,2026-09-05 00:00:00,2026-09-15 00:00:00,10,11,80,73.3,55,18.3,82.6,88.7,96,2,No,97.3,57.4,4,0,4.8,Completed,Sep-2026,36,1
572,BAT202609-15,ASS0143,Fresher,CBR,River Health,TR005,OJT,Virtual,2026-09-16 00:00:00,2026-10-09 00:00:00,25,24,200,164.2,117.1,47.1,201.9,81.3,87,1,Yes,72.5,93.2,3,3,0.2,Completed,Sep-2026,38,0
573,BAT202603-15,ASS0144,Fresher,Billing,Client Alpha,TR003,Generic Training,Classroom,2026-03-21 00:00:00,2026-03-28 00:00:00,8,8,64,59.4,37.5,21.9,67.8,87.6,86,3,No,91.7,88.4,2,0,2.1,Extended,Mar-2026,12,0
574,BAT202603-15,ASS0144,Fresher,Billing,Client Alpha,TR003,CST,Classroom,2026-03-29 00:00:00,2026-04-01 00:00:00,4,4,32,29.2,23.3,5.9,30.1,97,71,1,Yes,76.4,77.7,2,0,1.7,Completed,Mar-2026,13,0
575,BAT202604-15,ASS0144,Fresher,Billing,Client Alpha,TR003,LAW,Hybrid,2026-04-02 00:00:00,2026-04-12 00:00:00,10,11,80,72.8,59.7,13.1,74.8,97.3,85,1,Yes,72.3,83.1,13,0,0.8,Completed,Apr-2026,14,1
576,BAT202604-15,ASS0144,Fresher,Billing,Client Alpha,TR003,OJT,Classroom,2026-04-13 00:00:00,2026-05-07 00:00:00,25,25,200,185,135.3,49.7,196.5,94.1,80,1,Yes,85.5,90.4,2,1,0.4,Completed,Apr-2026,16,0
577,BAT202605-15,ASS0145,Experienced,Charge Entry,Client Gamma,TR007,Generic Training,Hybrid,2026-05-23 00:00:00,2026-05-25 00:00:00,2,3,16,15.4,10.8,4.6,15.6,98.7,93,1,Yes,75.5,89.8,4,2,1.2,Extended,May-2026,21,1
578,BAT202605-15,ASS0145,Experienced,Charge Entry,Client Gamma,TR007,CST,Floor,2026-05-26 00:00:00,2026-05-26 00:00:00,2,1,16,14.3,9.8,4.5,15.9,89.9,85,1,Yes,97.5,63.4,3,0,1,Completed,May-2026,22,0
579,BAT202605-15,ASS0145,Experienced,Charge Entry,Client Gamma,TR007,LAW,Classroom,2026-05-27 00:00:00,2026-05-31 00:00:00,5,5,40,38.3,33.7,4.6,41,93.4,83,1,Yes,94.4,83.9,10,2,1.6,Completed,May-2026,22,0
580,BAT202606-15,ASS0145,Experienced,Charge Entry,Client Gamma,TR007,OJT,Virtual,2026-06-01 00:00:00,2026-06-15 00:00:00,15,15,120,120,88.5,31.5,121.2,99,71,2,No,83.1,79.2,1,2,4.5,Completed,Jun-2026,23,0
581,BAT202604-15,ASS0146,Fresher,BRCM,Client Beta,TR003,Generic Training,Hybrid,2026-04-30 00:00:00,2026-05-07 00:00:00,8,8,64,64,53.7,10.3,65.2,98.2,79,1,Yes,82.8,100,2,0,0.4,Completed,Apr-2026,18,0
582,BAT202605-15,ASS0146,Fresher,BRCM,Client Beta,TR003,CST,Classroom,2026-05-08 00:00:00,2026-05-11 00:00:00,4,4,32,32,25.6,6.4,33.1,96.7,94,1,Yes,80.9,91.6,3,0,1.6,Completed,May-2026,19,0
583,BAT202605-15,ASS0146,Fresher,BRCM,Client Beta,TR003,LAW,Classroom,2026-05-12 00:00:00,2026-05-23 00:00:00,10,12,80,75,47.9,27.1,83.4,89.9,87,1,Yes,90.9,75.7,11,1,1.7,Completed,May-2026,20,1
584,BAT202605-15,ASS0146,Fresher,BRCM,Client Beta,TR003,OJT,Classroom,2026-05-24 00:00:00,2026-06-17 00:00:00,25,25,200,163.4,119.2,44.2,197.7,82.7,84,1,Yes,100,78.2,1,1,1.3,Completed,May-2026,21,0
585,BAT202607-15,ASS0147,Experienced,BRCM,River Health,TR004,Generic Training,Floor,2026-07-22 00:00:00,2026-07-25 00:00:00,4,4,32,26.7,23.3,3.4,33.7,79.2,86,1,Yes,95.9,76.6,0,0,0.8,Completed,Jul-2026,30,0
586,BAT202607-15,ASS0147,Experienced,BRCM,River Health,TR004,CST,Classroom,2026-07-26 00:00:00,2026-07-28 00:00:00,3,3,24,22.1,19,3.1,25.6,86.3,82,1,Yes,86.5,94.1,4,0,0.5,Completed,Jul-2026,30,0
587,BAT202607-15,ASS0147,Experienced,BRCM,River Health,TR004,LAW,Floor,2026-07-29 00:00:00,2026-08-01 00:00:00,5,4,40,39.5,28.3,11.2,38.9,101.5,82,1,Yes,90,89.3,6,0,0.9,Completed,Jul-2026,31,0
588,BAT202608-15,ASS0147,Experienced,BRCM,River Health,TR004,OJT,Hybrid,2026-08-02 00:00:00,2026-08-15 00:00:00,15,14,120,119.5,72.6,46.9,125.2,95.4,66,3,No,81.1,79.6,5,3,2.3,Completed,Aug-2026,31,0
589,BAT202606-15,ASS0148,Experienced,BRCM,Client Beta,TR001,Generic Training,Hybrid,2026-06-10 00:00:00,2026-06-11 00:00:00,4,2,32,29.8,20.8,9,34.5,86.4,82,1,Yes,86.6,83.9,3,1,0.2,Completed,Jun-2026,24,0
590,BAT202606-15,ASS0148,Experienced,BRCM,Client Beta,TR001,CST,Floor,2026-06-12 00:00:00,2026-06-14 00:00:00,3,3,24,24,16.3,7.7,23.3,103,80,1,Yes,78.6,84.7,1,1,1.2,Completed,Jun-2026,24,0
591,BAT202606-15,ASS0148,Experienced,BRCM,Client Beta,TR001,LAW,Classroom,2026-06-15 00:00:00,2026-06-19 00:00:00,5,5,40,37,17.6,19.4,38.6,95.9,65,3,No,80.7,95.6,12,3,4.5,Completed,Jun-2026,25,0
592,BAT202606-15,ASS0148,Experienced,BRCM,Client Beta,TR001,OJT,Classroom,2026-06-20 00:00:00,2026-07-04 00:00:00,15,15,120,116.2,75.8,40.4,121.7,95.5,59,2,No,75.7,78.7,2,2,2.7,Extended,Jun-2026,25,0
593,BAT202602-15,ASS0149,Experienced,CBR,Revere Health,TR005,Generic Training,Classroom,2026-02-25 00:00:00,2026-02-27 00:00:00,4,3,32,31.1,19.5,11.6,29.5,105.4,78,1,Yes,95.5,91.8,2,0,1.8,Completed,Feb-2026,9,0
594,BAT202602-15,ASS0149,Experienced,CBR,Revere Health,TR005,CST,Hybrid,2026-02-28 00:00:00,2026-03-02 00:00:00,3,3,24,22,16.4,5.6,23.4,94,66,3,No,74.3,83.9,2,1,5.7,Completed,Feb-2026,9,0
595,BAT202603-15,ASS0149,Experienced,CBR,Revere Health,TR005,LAW,Classroom,2026-03-03 00:00:00,2026-03-07 00:00:00,5,5,40,36.5,30.1,6.4,41.6,87.7,89,1,Yes,82,65.6,10,2,1.4,Completed,Mar-2026,10,0
596,BAT202603-15,ASS0149,Experienced,CBR,Revere Health,TR005,OJT,Hybrid,2026-03-08 00:00:00,2026-03-23 00:00:00,15,16,120,103.4,83.1,20.3,111.8,92.5,85,1,Yes,95.6,65.2,5,0,0.4,Completed,Mar-2026,10,1
597,BAT202603-15,ASS0150,Experienced,CBR,Client Beta,TR004,Generic Training,Hybrid,2026-03-28 00:00:00,2026-03-31 00:00:00,4,4,32,32,24.2,7.8,29.7,107.7,83,1,Yes,85.6,80.8,4,2,1.9,Completed,Mar-2026,13,0
598,BAT202604-15,ASS0150,Experienced,CBR,Client Beta,TR004,CST,Floor,2026-04-01 00:00:00,2026-04-03 00:00:00,3,3,24,20.9,12.9,8,25.9,80.7,76,1,Yes,89.1,93.2,2,1,1.8,Completed,Apr-2026,14,0
599,BAT202604-15,ASS0150,Experienced,CBR,Client Beta,TR004,LAW,Classroom,2026-04-04 00:00:00,2026-04-08 00:00:00,5,5,40,35.7,24.1,11.6,38.9,91.8,80,1,Yes,73.7,73.6,9,1,0.4,Completed,Apr-2026,14,0
600,BAT202604-15,ASS0150,Experienced,CBR,Client Beta,TR004,OJT,Classroom,2026-04-09 00:00:00,2026-04-23 00:00:00,15,15,120,108.9,73.7,35.2,125.6,86.7,79,1,Yes,82.8,87,3,1,0.7,Completed,Apr-2026,15,0
601,BAT202606-16,ASS0151,Fresher,AR,River Health,TR004,Generic Training,Virtual,2026-06-06 00:00:00,2026-06-13 00:00:00,8,8,64,62.5,48,14.5,63.7,98.1,87,1,Yes,77.4,78,2,2,0.1,Completed,Jun-2026,23,0
602,BAT202606-16,ASS0151,Fresher,AR,River Health,TR004,CST,Classroom,2026-06-14 00:00:00,2026-06-16 00:00:00,3,3,24,23.7,14.4,9.3,22.8,103.9,99,1,Yes,84.6,82.3,0,1,0.6,Completed,Jun-2026,24,0
603,BAT202606-16,ASS0151,Fresher,AR,River Health,TR004,LAW,Floor,2026-06-17 00:00:00,2026-06-26 00:00:00,10,10,80,80,64.8,15.2,81.4,98.3,72,1,Yes,92.9,80.6,9,1,1.3,Completed,Jun-2026,25,0
604,BAT202606-16,ASS0151,Fresher,AR,River Health,TR004,OJT,Hybrid,2026-06-27 00:00:00,2026-07-21 00:00:00,25,25,200,178.7,153.7,25,187.5,95.3,86,1,Yes,91.2,84.9,5,0,1.2,Extended,Jun-2026,26,0
605,BAT202601-16,ASS0152,Fresher,CBR,Client Alpha,TR005,Generic Training,Classroom,2026-01-23 00:00:00,2026-01-28 00:00:00,6,6,48,44.5,28.7,15.8,49,90.8,83,1,Yes,81,100,1,1,0.9,Completed,Jan-2026,4,0
606,BAT202601-16,ASS0152,Fresher,CBR,Client Alpha,TR005,CST,Floor,2026-01-29 00:00:00,2026-01-31 00:00:00,3,3,24,23.2,18,5.2,24.4,95.1,93,1,Yes,70.8,94.5,0,2,0.3,Completed,Jan-2026,5,0
607,BAT202602-16,ASS0152,Fresher,CBR,Client Alpha,TR005,LAW,Floor,2026-02-01 00:00:00,2026-02-09 00:00:00,10,9,80,79.5,65.4,14.1,74.6,106.6,82,1,Yes,88.6,92.2,6,0,0.6,Completed,Feb-2026,5,0
608,BAT202602-16,ASS0152,Fresher,CBR,Client Alpha,TR005,OJT,Classroom,2026-02-10 00:00:00,2026-03-06 00:00:00,25,25,200,190.5,127.6,62.9,205.9,92.5,79,1,Yes,88.7,78.8,5,0,0.5,Completed,Feb-2026,7,0
609,BAT202603-16,ASS0153,Experienced,Payment Posting,Client Beta,TR008,Generic Training,Classroom,2026-03-02 00:00:00,2026-03-04 00:00:00,4,3,32,26.9,19.5,7.4,31.9,84.3,97,1,Yes,80.4,95.2,1,0,1.2,Completed,Mar-2026,10,0
610,BAT202603-16,ASS0153,Experienced,Payment Posting,Client Beta,TR008,CST,Virtual,2026-03-05 00:00:00,2026-03-07 00:00:00,3,3,24,19.1,15.6,3.5,25.5,74.9,78,1,Yes,80.1,86.7,2,0,0.7,Completed,Mar-2026,10,0
611,BAT202603-16,ASS0153,Experienced,Payment Posting,Client Beta,TR008,LAW,Classroom,2026-03-08 00:00:00,2026-03-12 00:00:00,5,5,40,40,31.4,8.6,41.6,96.2,88,1,Yes,78.6,82.3,5,0,0.4,Completed,Mar-2026,10,0
612,BAT202603-16,ASS0153,Experienced,Payment Posting,Client Beta,TR008,OJT,Floor,2026-03-13 00:00:00,2026-03-27 00:00:00,15,15,120,114.7,80.7,34,112,102.4,98,1,Yes,74.5,99,5,2,0,Completed,Mar-2026,11,0
613,BAT202607-16,ASS0154,Fresher,AR,Client Gamma,TR003,Generic Training,Classroom,2026-07-18 00:00:00,2026-07-23 00:00:00,6,6,48,42,27.4,14.6,48.5,86.6,93,1,Yes,69.4,98.2,1,1,1.1,Completed,Jul-2026,29,0
614,BAT202607-16,ASS0154,Fresher,AR,Client Gamma,TR003,CST,Virtual,2026-07-24 00:00:00,2026-07-27 00:00:00,4,4,32,31,21.4,9.6,33.2,93.4,75,1,Yes,86.5,81.2,6,0,1.1,Completed,Jul-2026,30,0
615,BAT202607-16,ASS0154,Fresher,AR,Client Gamma,TR003,LAW,Floor,2026-07-28 00:00:00,2026-08-06 00:00:00,10,10,80,71,43.4,27.6,73.6,96.5,85,1,Yes,83,93.7,6,0,0.8,Completed,Jul-2026,31,0
616,BAT202608-16,ASS0154,Fresher,AR,Client Gamma,TR003,OJT,Virtual,2026-08-07 00:00:00,2026-08-31 00:00:00,25,25,200,193,126.7,66.3,191.8,100.6,99,1,Yes,89.4,82.2,5,1,1.5,Completed,Aug-2026,32,0
617,BAT202608-16,ASS0155,Experienced,EVBV,Client Alpha,TR007,Generic Training,Virtual,2026-08-08 00:00:00,2026-08-08 00:00:00,2,1,16,16,11.2,4.8,16.3,98.2,73,1,Yes,87.9,83.8,2,0,0.6,Completed,Aug-2026,32,0
618,BAT202608-16,ASS0155,Experienced,EVBV,Client Alpha,TR007,CST,Hybrid,2026-08-09 00:00:00,2026-08-11 00:00:00,3,3,24,22.6,17.1,5.5,23.8,95,77,1,Yes,87.6,75.2,2,1,1.8,Completed,Aug-2026,32,0
619,BAT202608-16,ASS0155,Experienced,EVBV,Client Alpha,TR007,LAW,Hybrid,2026-08-12 00:00:00,2026-08-18 00:00:00,5,7,40,38.1,33,5.1,42.8,89,100,1,Yes,73.6,87.9,5,2,1.7,Completed,Aug-2026,33,1
620,BAT202608-16,ASS0155,Experienced,EVBV,Client Alpha,TR007,OJT,Floor,2026-08-19 00:00:00,2026-09-02 00:00:00,15,15,120,120,89.2,30.8,127,94.5,99,1,Yes,80.6,80.9,7,2,0.5,Completed,Aug-2026,34,0
621,BAT202601-16,ASS0156,Fresher,Payment Posting,Client Delta,TR008,Generic Training,Classroom,2026-01-23 00:00:00,2026-01-27 00:00:00,5,5,40,40,26.1,13.9,37,108.1,54,3,No,82.2,92.8,1,7,7.8,Completed,Jan-2026,4,0
622,BAT202601-16,ASS0156,Fresher,Payment Posting,Client Delta,TR008,CST,Virtual,2026-01-28 00:00:00,2026-02-03 00:00:00,5,7,40,37.6,17.9,19.7,39.1,96.2,81,1,Yes,86.1,75.1,2,1,1.3,Completed,Jan-2026,5,1
623,BAT202602-16,ASS0156,Fresher,Payment Posting,Client Delta,TR008,LAW,Floor,2026-02-04 00:00:00,2026-02-13 00:00:00,10,10,80,80,56,24,81,98.8,61,3,No,89.4,73.3,8,1,2.2,Completed,Feb-2026,6,0
624,BAT202602-16,ASS0156,Fresher,Payment Posting,Client Delta,TR008,OJT,Hybrid,2026-02-14 00:00:00,2026-03-09 00:00:00,25,24,200,171.1,113.7,57.4,190.4,89.9,63,2,No,83.6,89.6,1,0,3.4,Completed,Feb-2026,7,0
625,BAT202608-16,ASS0157,Fresher,Billing,Client Gamma,TR006,Generic Training,Classroom,2026-08-23 00:00:00,2026-08-29 00:00:00,7,7,56,51.6,37.9,13.7,59.7,86.4,73,1,Yes,90.7,88.9,1,1,0.2,Completed,Aug-2026,34,0
626,BAT202608-16,ASS0157,Fresher,Billing,Client Gamma,TR006,CST,Virtual,2026-08-30 00:00:00,2026-09-01 00:00:00,3,3,24,22.2,16.3,5.9,22.1,100.5,85,1,Yes,82.6,80.8,1,3,0.4,Completed,Aug-2026,35,0
627,BAT202609-16,ASS0157,Fresher,Billing,Client Gamma,TR006,LAW,Classroom,2026-09-02 00:00:00,2026-09-11 00:00:00,10,10,80,80,63.7,16.3,76.9,104,92,1,Yes,89.2,85.5,6,0,0.7,Completed,Sep-2026,36,0
628,BAT202609-16,ASS0157,Fresher,Billing,Client Gamma,TR006,OJT,Floor,2026-09-12 00:00:00,2026-10-06 00:00:00,25,25,200,187.3,142.8,44.5,213.7,87.6,100,1,Yes,94.7,86.5,7,2,0.1,Extended,Sep-2026,37,0
629,BAT202602-16,ASS0158,Experienced,AR,Client Alpha,TR004,Generic Training,Classroom,2026-02-09 00:00:00,2026-02-10 00:00:00,2,2,16,14.8,10.3,4.5,15.4,96.1,89,1,Yes,80.2,83.4,2,1,1.4,Completed,Feb-2026,7,0
630,BAT202602-16,ASS0158,Experienced,AR,Client Alpha,TR004,CST,Floor,2026-02-11 00:00:00,2026-02-12 00:00:00,2,2,16,12.7,7.7,5,15.4,82.5,76,1,Yes,83.2,88.7,2,0,2,Completed,Feb-2026,7,0
631,BAT202602-16,ASS0158,Experienced,AR,Client Alpha,TR004,LAW,Classroom,2026-02-13 00:00:00,2026-02-17 00:00:00,5,5,40,36.9,27.4,9.5,39.6,93.2,74,2,No,91.5,67.7,9,2,5.3,Completed,Feb-2026,7,0
632,BAT202602-16,ASS0158,Experienced,AR,Client Alpha,TR004,OJT,Floor,2026-02-18 00:00:00,2026-03-05 00:00:00,15,16,120,111.5,86.9,24.6,123.9,90,70,1,Yes,86.7,74.7,1,0,1.3,Completed,Feb-2026,8,1
633,BAT202603-16,ASS0159,Fresher,EVBV,River Health,TR002,Generic Training,Classroom,2026-03-14 00:00:00,2026-03-22 00:00:00,7,9,56,50,34.9,15.1,55.7,89.8,85,2,No,81.5,96.8,3,2,6.2,Completed,Mar-2026,11,1
634,BAT202603-16,ASS0159,Fresher,EVBV,River Health,TR002,CST,Floor,2026-03-23 00:00:00,2026-03-25 00:00:00,3,3,24,21,13.6,7.4,24.6,85.4,88,1,Yes,87.4,95.9,1,3,0.8,Completed,Mar-2026,13,0
635,BAT202603-16,ASS0159,Fresher,EVBV,River Health,TR002,LAW,Hybrid,2026-03-26 00:00:00,2026-04-04 00:00:00,10,10,80,77.8,56.5,21.3,75.6,102.9,76,1,Yes,77.3,76.8,8,1,1.2,Completed,Mar-2026,13,0
636,BAT202604-16,ASS0159,Fresher,EVBV,River Health,TR002,OJT,Classroom,2026-04-05 00:00:00,2026-04-28 00:00:00,25,24,200,185.6,133.8,51.8,198.8,93.4,62,2,No,87.7,89.1,5,3,4.6,Extended,Apr-2026,14,0
637,BAT202607-16,ASS0160,Experienced,Payment Posting,River Health,TR002,Generic Training,Classroom,2026-07-24 00:00:00,2026-07-27 00:00:00,4,4,32,28.9,21.8,7.1,33,87.6,94,1,Yes,83.9,86.9,4,2,0.3,Completed,Jul-2026,30,0
638,BAT202607-16,ASS0160,Experienced,Payment Posting,River Health,TR002,CST,Classroom,2026-07-28 00:00:00,2026-07-29 00:00:00,2,2,16,15.2,13.6,1.6,14.8,102.7,80,1,Yes,75.9,72.1,1,0,1.5,Completed,Jul-2026,31,0
639,BAT202607-16,ASS0160,Experienced,Payment Posting,River Health,TR002,LAW,Classroom,2026-07-30 00:00:00,2026-08-03 00:00:00,5,5,40,40,32.6,7.4,40.4,99,87,1,Yes,86.7,80.2,10,2,0.6,Completed,Jul-2026,31,0
640,BAT202608-16,ASS0160,Experienced,Payment Posting,River Health,TR002,OJT,Floor,2026-08-04 00:00:00,2026-08-18 00:00:00,15,15,120,114.2,70.7,43.5,122.6,93.1,82,1,Yes,79.1,95,3,3,0.6,Completed,Aug-2026,32,0
641,BAT202603-17,ASS0161,Fresher,AUTH,Client Beta,TR005,Generic Training,Classroom,2026-03-10 00:00:00,2026-03-14 00:00:00,6,5,48,44.8,25.9,18.9,46.7,95.9,83,1,Yes,93.7,90.3,2,1,0.6,Completed,Mar-2026,11,0
642,BAT202603-17,ASS0161,Fresher,AUTH,Client Beta,TR005,CST,Classroom,2026-03-15 00:00:00,2026-03-18 00:00:00,4,4,32,26.5,18.4,8.1,32.9,80.5,92,1,Yes,82.5,90.2,2,1,1.1,Completed,Mar-2026,11,0
643,BAT202603-17,ASS0161,Fresher,AUTH,Client Beta,TR005,LAW,Floor,2026-03-19 00:00:00,2026-03-28 00:00:00,10,10,80,75.5,33.1,42.4,79.5,95,79,1,Yes,89.6,71.6,10,3,1.5,Completed,Mar-2026,12,0
644,BAT202603-17,ASS0161,Fresher,AUTH,Client Beta,TR005,OJT,Classroom,2026-03-29 00:00:00,2026-04-21 00:00:00,25,24,200,177.6,136.7,40.9,212.4,83.6,74,1,Yes,71.2,76.8,4,0,0.4,Completed,Mar-2026,13,0
645,BAT202605-17,ASS0162,Fresher,Payment Posting,Revere Health,TR008,Generic Training,Classroom,2026-05-22 00:00:00,2026-05-29 00:00:00,8,8,64,64,52,12,66.3,96.5,100,1,Yes,74.5,85.5,4,1,1,Completed,May-2026,21,0
646,BAT202605-17,ASS0162,Fresher,Payment Posting,Revere Health,TR008,CST,Floor,2026-05-30 00:00:00,2026-06-03 00:00:00,5,5,40,38.2,31.3,6.9,40.4,94.6,72,1,Yes,79.6,96.9,1,0,1.8,Completed,May-2026,22,0
647,BAT202606-17,ASS0162,Fresher,Payment Posting,Revere Health,TR008,LAW,Virtual,2026-06-04 00:00:00,2026-06-13 00:00:00,10,10,80,68.7,47,21.7,83.8,82,80,1,Yes,66.5,76.6,5,1,0.5,Completed,Jun-2026,23,0
648,BAT202606-17,ASS0162,Fresher,Payment Posting,Revere Health,TR008,OJT,Floor,2026-06-14 00:00:00,2026-07-08 00:00:00,25,25,200,200,131.5,68.5,194.3,102.9,83,1,Yes,98.3,100,2,0,0.4,Completed,Jun-2026,24,0
649,BAT202604-17,ASS0163,Fresher,Charge Entry,River Health,TR001,Generic Training,Hybrid,2026-04-06 00:00:00,2026-04-13 00:00:00,8,8,64,60.5,28.8,31.7,64.8,93.4,84,1,Yes,84.4,87.5,0,0,0.4,Extended,Apr-2026,15,0
650,BAT202604-17,ASS0163,Fresher,Charge Entry,River Health,TR001,CST,Virtual,2026-04-14 00:00:00,2026-04-17 00:00:00,4,4,32,29,20.8,8.2,34.2,84.8,65,2,No,84.2,84.3,1,0,4.2,Completed,Apr-2026,16,0
651,BAT202604-17,ASS0163,Fresher,Charge Entry,River Health,TR001,LAW,Classroom,2026-04-18 00:00:00,2026-04-27 00:00:00,10,10,80,78.4,47.2,31.2,84.6,92.7,96,1,Yes,88,80.6,9,3,1.1,Completed,Apr-2026,16,0
652,BAT202604-17,ASS0163,Fresher,Charge Entry,River Health,TR001,OJT,Classroom,2026-04-28 00:00:00,2026-05-21 00:00:00,25,24,200,200,140.4,59.6,205.7,97.2,89,1,Yes,83,63.3,7,1,1.7,Completed,Apr-2026,18,0
653,BAT202604-17,ASS0164,Fresher,AUTH,Revere Health,TR005,Generic Training,Virtual,2026-04-06 00:00:00,2026-04-11 00:00:00,6,6,48,43.9,37.2,6.7,45.9,95.6,87,1,Yes,80.3,74.6,2,3,0.1,Completed,Apr-2026,15,0
654,BAT202604-17,ASS0164,Fresher,AUTH,Revere Health,TR005,CST,Classroom,2026-04-12 00:00:00,2026-04-15 00:00:00,3,4,24,22.6,21.5,1.1,25,90.4,99,1,Yes,84.5,62.2,2,0,0,Completed,Apr-2026,15,1
655,BAT202604-17,ASS0164,Fresher,AUTH,Revere Health,TR005,LAW,Virtual,2026-04-16 00:00:00,2026-04-26 00:00:00,10,11,80,71.5,46,25.5,73.8,96.9,89,1,Yes,84.8,59.1,5,0,0.8,Completed,Apr-2026,16,1
656,BAT202604-17,ASS0164,Fresher,AUTH,Revere Health,TR005,OJT,Hybrid,2026-04-27 00:00:00,2026-05-21 00:00:00,25,25,200,174.7,118.6,56.1,202.8,86.1,67,3,No,94.3,73.5,7,4,7.2,Completed,Apr-2026,18,0
657,BAT202601-17,ASS0165,Fresher,BRCM,Client Delta,TR003,Generic Training,Floor,2026-01-25 00:00:00,2026-01-31 00:00:00,7,7,56,54.2,42.4,11.8,57.6,94.1,100,1,Yes,78.3,51.8,4,1,0,Completed,Jan-2026,4,0
658,BAT202602-17,ASS0165,Fresher,BRCM,Client Delta,TR003,CST,Classroom,2026-02-01 00:00:00,2026-02-05 00:00:00,5,5,40,40,30.4,9.6,40.7,98.3,82,1,Yes,75.8,77.5,0,1,1.8,Completed,Feb-2026,5,0
659,BAT202602-17,ASS0165,Fresher,BRCM,Client Delta,TR003,LAW,Virtual,2026-02-06 00:00:00,2026-02-15 00:00:00,10,10,80,77.9,53.7,24.2,74.1,105.1,80,1,Yes,87.3,79.4,14,1,1.3,Completed,Feb-2026,6,0
660,BAT202602-17,ASS0165,Fresher,BRCM,Client Delta,TR003,OJT,Hybrid,2026-02-16 00:00:00,2026-03-11 00:00:00,25,24,200,182,129.2,52.8,197.2,92.3,84,1,Yes,94,90.8,4,0,1.6,Extended,Feb-2026,8,0
661,BAT202607-17,ASS0166,Fresher,BRCM,Client Delta,TR003,Generic Training,Hybrid,2026-07-15 00:00:00,2026-07-22 00:00:00,8,8,64,58,40.3,17.7,67,86.6,98,1,Yes,84.1,76.8,1,1,1.8,Completed,Jul-2026,29,0
662,BAT202607-17,ASS0166,Fresher,BRCM,Client Delta,TR003,CST,Classroom,2026-07-23 00:00:00,2026-07-27 00:00:00,5,5,40,38.8,26.5,12.3,38.4,101,79,1,Yes,80.3,84.7,4,0,0.4,Completed,Jul-2026,30,0
663,BAT202607-17,ASS0166,Fresher,BRCM,Client Delta,TR003,LAW,Hybrid,2026-07-28 00:00:00,2026-08-06 00:00:00,10,10,80,80,53.3,26.7,82.5,97,80,1,Yes,75.3,75.1,13,1,0.7,Completed,Jul-2026,31,0
664,BAT202608-17,ASS0166,Fresher,BRCM,Client Delta,TR003,OJT,Classroom,2026-08-07 00:00:00,2026-08-31 00:00:00,25,25,200,187.7,119.2,68.5,214.9,87.3,74,1,Yes,87.6,78.5,10,2,0.8,Completed,Aug-2026,32,0
665,BAT202605-17,ASS0167,Fresher,Billing,River Health,TR006,Generic Training,Floor,2026-05-08 00:00:00,2026-05-15 00:00:00,8,8,64,64,44.5,19.5,60.3,106.1,91,1,Yes,81.5,78.4,2,0,1.8,Completed,May-2026,19,0
666,BAT202605-17,ASS0167,Fresher,Billing,River Health,TR006,CST,Hybrid,2026-05-16 00:00:00,2026-05-18 00:00:00,5,3,40,40,29.1,10.9,38.2,104.7,95,1,Yes,80.1,100,0,0,2,Completed,May-2026,20,0
667,BAT202605-17,ASS0167,Fresher,Billing,River Health,TR006,LAW,Hybrid,2026-05-19 00:00:00,2026-05-30 00:00:00,10,12,80,73.9,52.7,21.2,83.2,88.8,89,1,Yes,90.2,84.2,8,2,0.7,Completed,May-2026,21,1
668,BAT202605-17,ASS0167,Fresher,Billing,River Health,TR006,OJT,Virtual,2026-05-31 00:00:00,2026-06-24 00:00:00,25,25,200,185,131.2,53.8,188.5,98.1,79,1,Yes,100,84.5,4,1,1.6,Completed,May-2026,22,0
669,BAT202606-17,ASS0168,Experienced,AUTH,Revere Health,TR004,Generic Training,Classroom,2026-06-19 00:00:00,2026-06-19 00:00:00,2,1,16,13.5,9.2,4.3,15.4,87.7,93,3,No,93.5,90,0,4,7.5,Completed,Jun-2026,25,0
670,BAT202606-17,ASS0168,Experienced,AUTH,Revere Health,TR004,CST,Classroom,2026-06-20 00:00:00,2026-06-20 00:00:00,3,1,24,24,16.3,7.7,23,104.3,87,1,Yes,87.9,71.3,6,0,1.1,Completed,Jun-2026,25,0
671,BAT202606-17,ASS0168,Experienced,AUTH,Revere Health,TR004,LAW,Classroom,2026-06-21 00:00:00,2026-06-25 00:00:00,5,5,40,38.4,32.2,6.2,42.7,89.9,89,1,Yes,83.7,82.5,7,0,0.9,Completed,Jun-2026,25,0
672,BAT202606-17,ASS0168,Experienced,AUTH,Revere Health,TR004,OJT,Floor,2026-06-26 00:00:00,2026-07-10 00:00:00,15,15,120,114.3,77.1,37.2,128.9,88.7,84,1,Yes,75.3,95.1,3,3,1.1,Completed,Jun-2026,26,0
673,BAT202604-17,ASS0169,Experienced,Charge Entry,Revere Health,TR002,Generic Training,Classroom,2026-04-29 00:00:00,2026-05-01 00:00:00,3,3,24,22.2,15.6,6.6,22.5,98.7,77,1,Yes,91.5,80.9,0,0,1.2,Completed,Apr-2026,18,0
674,BAT202605-17,ASS0169,Experienced,Charge Entry,Revere Health,TR002,CST,Floor,2026-05-02 00:00:00,2026-05-04 00:00:00,3,3,24,23.2,18.9,4.3,23.9,97.1,78,1,Yes,86,90.6,2,2,1.2,Completed,May-2026,18,0
675,BAT202605-17,ASS0169,Experienced,Charge Entry,Revere Health,TR002,LAW,Classroom,2026-05-05 00:00:00,2026-05-09 00:00:00,5,5,40,37.1,28,9.1,39.5,93.9,74,1,Yes,93,76.3,5,2,1.1,Completed,May-2026,19,0
676,BAT202605-17,ASS0169,Experienced,Charge Entry,Revere Health,TR002,OJT,Floor,2026-05-10 00:00:00,2026-05-24 00:00:00,15,15,120,118.7,77.2,41.5,123.5,96.1,65,3,No,85.7,78.8,6,1,5.3,Completed,May-2026,19,0
677,BAT202601-17,ASS0170,Fresher,EVBV,Client Delta,TR005,Generic Training,Classroom,2026-01-19 00:00:00,2026-01-23 00:00:00,5,5,40,38,26.6,11.4,42.8,88.8,100,3,No,70.1,81.4,2,1,5.6,Completed,Jan-2026,4,0
678,BAT202601-17,ASS0170,Fresher,EVBV,Client Delta,TR005,CST,Classroom,2026-01-24 00:00:00,2026-01-27 00:00:00,4,4,32,30.4,24,6.4,30.4,100,63,3,No,78,85.7,3,0,6.9,Completed,Jan-2026,4,0
679,BAT202601-17,ASS0170,Fresher,EVBV,Client Delta,TR005,LAW,Floor,2026-01-28 00:00:00,2026-02-06 00:00:00,10,10,80,71.5,48.8,22.7,76,94.1,100,1,Yes,71.7,81.4,6,0,1,Completed,Jan-2026,5,0
680,BAT202602-17,ASS0170,Fresher,EVBV,Client Delta,TR005,OJT,Hybrid,2026-02-07 00:00:00,2026-03-03 00:00:00,25,25,200,193.4,138.1,55.3,200.7,96.4,74,1,Yes,93.6,53.1,4,0,0.5,Completed,Feb-2026,6,0
681,BAT202603-18,ASS0171,Experienced,CBR,Client Delta,TR006,Generic Training,Classroom,2026-03-25 00:00:00,2026-03-27 00:00:00,3,3,24,23.2,20.6,2.6,25,92.8,82,1,Yes,73.7,75.6,3,0,1.7,Completed,Mar-2026,13,0
682,BAT202603-18,ASS0171,Experienced,CBR,Client Delta,TR006,CST,Classroom,2026-03-28 00:00:00,2026-03-30 00:00:00,3,3,24,22.7,19.1,3.6,22.6,100.4,94,1,Yes,77.8,97.7,4,4,0.3,Completed,Mar-2026,13,0
683,BAT202603-18,ASS0171,Experienced,CBR,Client Delta,TR006,LAW,Floor,2026-03-31 00:00:00,2026-04-04 00:00:00,5,5,40,37.5,27.5,10,43.1,87,98,1,Yes,83.9,81.9,7,0,0.7,Completed,Mar-2026,14,0
684,BAT202604-18,ASS0171,Experienced,CBR,Client Delta,TR006,OJT,Virtual,2026-04-05 00:00:00,2026-04-19 00:00:00,15,15,120,105,69,36,123.9,84.7,66,2,No,83.7,91.6,2,3,5.2,Completed,Apr-2026,14,0
685,BAT202606-18,ASS0172,Fresher,Payment Posting,Revere Health,TR001,Generic Training,Hybrid,2026-06-03 00:00:00,2026-06-08 00:00:00,6,6,48,40.3,32.4,7.9,46,87.6,94,1,Yes,80.4,84.3,2,0,0.9,Completed,Jun-2026,23,0
686,BAT202606-18,ASS0172,Fresher,Payment Posting,Revere Health,TR001,CST,Virtual,2026-06-09 00:00:00,2026-06-13 00:00:00,5,5,40,37,26.8,10.2,42.1,87.9,68,3,No,96.4,81.2,4,3,7.7,Completed,Jun-2026,24,0
687,BAT202606-18,ASS0172,Fresher,Payment Posting,Revere Health,TR001,LAW,Floor,2026-06-14 00:00:00,2026-06-22 00:00:00,10,9,80,73.7,57.6,16.1,83,88.8,54,2,No,86,87.6,7,3,7,Completed,Jun-2026,24,0
688,BAT202606-18,ASS0172,Fresher,Payment Posting,Revere Health,TR001,OJT,Floor,2026-06-23 00:00:00,2026-07-16 00:00:00,25,24,200,198.8,130.6,68.2,189,105.2,68,2,No,91.7,89.8,1,1,3.1,Completed,Jun-2026,26,0
689,BAT202607-18,ASS0173,Fresher,CBR,Client Alpha,TR008,Generic Training,Hybrid,2026-07-23 00:00:00,2026-07-28 00:00:00,6,6,48,47.9,37.1,10.8,51.5,93,92,1,Yes,100,83.6,0,1,1.7,Completed,Jul-2026,30,0
690,BAT202607-18,ASS0173,Fresher,CBR,Client Alpha,TR008,CST,Virtual,2026-07-29 00:00:00,2026-08-01 00:00:00,4,4,32,30.7,20.7,10,34,90.3,90,1,Yes,100,86.9,5,0,2,Completed,Jul-2026,31,0
691,BAT202608-18,ASS0173,Fresher,CBR,Client Alpha,TR008,LAW,Classroom,2026-08-02 00:00:00,2026-08-11 00:00:00,10,10,80,80,67.1,12.9,84.2,95,98,1,Yes,91.1,86.7,7,1,1.9,Completed,Aug-2026,31,0
692,BAT202608-18,ASS0173,Fresher,CBR,Client Alpha,TR008,OJT,Classroom,2026-08-12 00:00:00,2026-09-05 00:00:00,25,25,200,198,159.6,38.4,187.1,105.8,73,1,Yes,90.5,80.8,2,1,1,Completed,Aug-2026,33,0
693,BAT202608-18,ASS0174,Fresher,Billing,Client Gamma,TR007,Generic Training,Floor,2026-08-31 00:00:00,2026-09-06 00:00:00,6,7,48,44.5,34,10.5,51.7,86.1,90,1,Yes,91.9,79.9,1,0,1.3,Completed,Aug-2026,36,1
694,BAT202609-18,ASS0174,Fresher,Billing,Client Gamma,TR007,CST,Floor,2026-09-07 00:00:00,2026-09-09 00:00:00,3,3,24,22.6,16.7,5.9,23.6,95.8,90,1,Yes,82.3,65.9,0,1,1.2,Completed,Sep-2026,37,0
695,BAT202609-18,ASS0174,Fresher,Billing,Client Gamma,TR007,LAW,Virtual,2026-09-10 00:00:00,2026-09-19 00:00:00,10,10,80,75.5,49.2,26.3,77.9,96.9,90,1,Yes,100,81.4,4,1,1.3,Completed,Sep-2026,37,0
696,BAT202609-18,ASS0174,Fresher,Billing,Client Gamma,TR007,OJT,Hybrid,2026-09-20 00:00:00,2026-10-13 00:00:00,25,24,200,165.8,115.2,50.6,199.9,82.9,69,2,No,75.7,94.5,4,3,4.8,Completed,Sep-2026,38,0
697,BAT202603-18,ASS0175,Experienced,AR,Client Gamma,TR004,Generic Training,Floor,2026-03-11 00:00:00,2026-03-12 00:00:00,2,2,16,14.5,10.2,4.3,16.5,87.9,85,1,Yes,88.5,89.3,0,0,1.6,Completed,Mar-2026,11,0
698,BAT202603-18,ASS0175,Experienced,AR,Client Gamma,TR004,CST,Classroom,2026-03-13 00:00:00,2026-03-14 00:00:00,2,2,16,16,13.1,2.9,15.6,102.6,79,1,Yes,82,80.7,4,0,0.5,Completed,Mar-2026,11,0
699,BAT202603-18,ASS0175,Experienced,AR,Client Gamma,TR004,LAW,Hybrid,2026-03-15 00:00:00,2026-03-19 00:00:00,5,5,40,40,24.1,15.9,42.9,93.2,83,1,Yes,89.9,74.1,2,0,2,Completed,Mar-2026,11,0
700,BAT202603-18,ASS0175,Experienced,AR,Client Gamma,TR004,OJT,Classroom,2026-03-20 00:00:00,2026-04-03 00:00:00,15,15,120,120,82.3,37.7,117.6,102,85,1,Yes,94,78.6,4,1,1,Completed,Mar-2026,12,0
701,BAT202605-18,ASS0176,Experienced,Charge Entry,Client Alpha,TR006,Generic Training,Hybrid,2026-05-23 00:00:00,2026-05-24 00:00:00,2,2,16,15.4,9.6,5.8,15.6,98.7,88,1,Yes,96,88.6,3,1,1.5,Completed,May-2026,21,0
702,BAT202605-18,ASS0176,Experienced,Charge Entry,Client Alpha,TR006,CST,Classroom,2026-05-25 00:00:00,2026-05-27 00:00:00,3,3,24,20.8,16.7,4.1,24.9,83.5,83,2,No,82.4,88.5,2,0,4.8,Completed,May-2026,22,0
703,BAT202605-18,ASS0176,Experienced,Charge Entry,Client Alpha,TR006,LAW,Virtual,2026-05-28 00:00:00,2026-06-01 00:00:00,5,5,40,34.8,24.5,10.3,41.8,83.3,77,1,Yes,97.4,82.5,8,0,2,Completed,May-2026,22,0
704,BAT202606-18,ASS0176,Experienced,Charge Entry,Client Alpha,TR006,OJT,Hybrid,2026-06-02 00:00:00,2026-06-16 00:00:00,15,15,120,117.8,75.2,42.6,126.8,92.9,83,1,Yes,79.8,100,7,2,1.4,Completed,Jun-2026,23,0
705,BAT202601-18,ASS0177,Fresher,EVBV,River Health,TR003,Generic Training,Classroom,2026-01-16 00:00:00,2026-01-21 00:00:00,8,6,64,59,46.3,12.7,65.6,89.9,99,1,Yes,92.7,62.9,0,0,0.4,Completed,Jan-2026,3,0
706,BAT202601-18,ASS0177,Fresher,EVBV,River Health,TR003,CST,Classroom,2026-01-22 00:00:00,2026-01-24 00:00:00,3,3,24,21.7,11.8,9.9,23.1,93.9,89,1,Yes,90.5,78,1,1,1.9,Completed,Jan-2026,4,0
707,BAT202601-18,ASS0177,Fresher,EVBV,River Health,TR003,LAW,Floor,2026-01-25 00:00:00,2026-02-03 00:00:00,10,10,80,80,56.6,23.4,81.9,97.7,65,3,No,80.3,60.3,12,3,6.8,Completed,Jan-2026,4,0
708,BAT202602-18,ASS0177,Fresher,EVBV,River Health,TR003,OJT,Hybrid,2026-02-04 00:00:00,2026-02-28 00:00:00,25,25,200,196.6,131.5,65.1,195.9,100.4,96,1,Yes,82.6,82.2,4,1,1.6,Completed,Feb-2026,6,0
709,BAT202607-18,ASS0178,Experienced,AR,Client Delta,TR005,Generic Training,Classroom,2026-07-12 00:00:00,2026-07-15 00:00:00,4,4,32,30.1,20.8,9.3,32.3,93.2,90,1,Yes,87.2,65.6,1,0,1.1,Completed,Jul-2026,28,0
710,BAT202607-18,ASS0178,Experienced,AR,Client Delta,TR005,CST,Hybrid,2026-07-16 00:00:00,2026-07-17 00:00:00,2,2,16,16,10.6,5.4,17.1,93.6,71,1,Yes,83.9,74.7,3,1,0.3,Completed,Jul-2026,29,0
711,BAT202607-18,ASS0178,Experienced,AR,Client Delta,TR005,LAW,Hybrid,2026-07-18 00:00:00,2026-07-22 00:00:00,5,5,40,36.7,26.5,10.2,40,91.8,78,2,No,93.2,87.9,12,2,5.4,Completed,Jul-2026,29,0
712,BAT202607-18,ASS0178,Experienced,AR,Client Delta,TR005,OJT,Virtual,2026-07-23 00:00:00,2026-08-06 00:00:00,15,15,120,114.4,82.4,32,128.5,89,86,1,Yes,84.9,100,13,2,0.6,Completed,Jul-2026,30,0
713,BAT202601-18,ASS0179,Fresher,Charge Entry,Client Beta,TR007,Generic Training,Classroom,2026-01-27 00:00:00,2026-02-01 00:00:00,6,6,48,47.4,33.1,14.3,46.8,101.3,75,1,Yes,81.4,85.5,1,1,0.3,Completed,Jan-2026,5,0
714,BAT202602-18,ASS0179,Fresher,Charge Entry,Client Beta,TR007,CST,Virtual,2026-02-02 00:00:00,2026-02-05 00:00:00,5,4,40,40,27.7,12.3,42.5,94.1,87,1,Yes,85.9,66.8,4,0,1.9,Completed,Feb-2026,6,0
715,BAT202602-18,ASS0179,Fresher,Charge Entry,Client Beta,TR007,LAW,Floor,2026-02-06 00:00:00,2026-02-15 00:00:00,10,10,80,69.4,56.1,13.3,78.1,88.9,98,1,Yes,80.4,83.3,11,2,0.4,Completed,Feb-2026,6,0
716,BAT202602-18,ASS0179,Fresher,Charge Entry,Client Beta,TR007,OJT,Classroom,2026-02-16 00:00:00,2026-03-12 00:00:00,25,25,200,190.7,130.7,60,187.7,101.6,86,1,Yes,79.1,77.5,6,1,1.6,Completed,Feb-2026,8,0
717,BAT202605-18,ASS0180,Fresher,Payment Posting,Client Beta,TR006,Generic Training,Classroom,2026-05-04 00:00:00,2026-05-08 00:00:00,5,5,40,35.1,33.3,1.8,37.2,94.4,91,1,Yes,84.5,84.3,1,1,0,Completed,May-2026,19,0
718,BAT202605-18,ASS0180,Fresher,Payment Posting,Client Beta,TR006,CST,Classroom,2026-05-09 00:00:00,2026-05-11 00:00:00,3,3,24,23.3,16.5,6.8,24.2,96.3,80,1,Yes,91.3,73,3,2,0.2,Completed,May-2026,19,0
719,BAT202605-18,ASS0180,Fresher,Payment Posting,Client Beta,TR006,LAW,Classroom,2026-05-12 00:00:00,2026-05-21 00:00:00,10,10,80,80,51.4,28.6,85.8,93.2,99,2,No,86.7,78.8,12,6,4.5,Completed,May-2026,20,0
720,BAT202605-18,ASS0180,Fresher,Payment Posting,Client Beta,TR006,OJT,Floor,2026-05-22 00:00:00,2026-06-13 00:00:00,25,23,200,188.6,170.9,17.7,189.1,99.7,74,1,Yes,83,90.2,5,2,1.7,Extended,May-2026,21,0
721,BAT202608-19,ASS0181,Fresher,AR,Revere Health,TR007,Generic Training,Hybrid,2026-08-13 00:00:00,2026-08-19 00:00:00,8,7,64,64,60.2,3.8,65.7,97.4,88,1,Yes,78.2,73.9,3,3,0.8,Completed,Aug-2026,33,0
722,BAT202608-19,ASS0181,Fresher,AR,Revere Health,TR007,CST,Classroom,2026-08-20 00:00:00,2026-08-23 00:00:00,4,4,32,27.7,17,10.7,30.8,89.9,86,1,Yes,77.1,90.2,3,1,0.4,Completed,Aug-2026,34,0
723,BAT202608-19,ASS0181,Fresher,AR,Revere Health,TR007,LAW,Virtual,2026-08-24 00:00:00,2026-09-01 00:00:00,10,9,80,80,56.8,23.2,81.9,97.7,82,1,Yes,95.6,88,7,1,1.8,Completed,Aug-2026,35,0
724,BAT202609-19,ASS0181,Fresher,AR,Revere Health,TR007,OJT,Floor,2026-09-02 00:00:00,2026-09-26 00:00:00,25,25,200,176.3,118.9,57.4,202.6,87,94,1,Yes,84.1,92.3,2,0,0.9,Completed,Sep-2026,36,0
725,BAT202601-19,ASS0182,Fresher,AR,Client Beta,TR006,Generic Training,Floor,2026-01-25 00:00:00,2026-01-31 00:00:00,7,7,56,56,39.5,16.5,52.2,107.3,79,1,Yes,79.4,87.4,3,1,0.4,Completed,Jan-2026,4,0
726,BAT202602-19,ASS0182,Fresher,AR,Client Beta,TR006,CST,Floor,2026-02-01 00:00:00,2026-02-04 00:00:00,4,4,32,29,23.9,5.1,31.9,90.9,84,1,Yes,77.6,83.5,3,0,1.9,Completed,Feb-2026,5,0
727,BAT202602-19,ASS0182,Fresher,AR,Client Beta,TR006,LAW,Hybrid,2026-02-05 00:00:00,2026-02-15 00:00:00,10,11,80,75.8,55.6,20.2,78.9,96.1,70,1,Yes,83.3,83.5,6,1,0.6,Completed,Feb-2026,6,1
728,BAT202602-19,ASS0182,Fresher,AR,Client Beta,TR006,OJT,Classroom,2026-02-16 00:00:00,2026-03-12 00:00:00,25,25,200,169.6,106.4,63.2,213.9,79.3,79,1,Yes,76.3,75.6,10,1,0.2,Completed,Feb-2026,8,0
729,BAT202607-19,ASS0183,Experienced,AUTH,Revere Health,TR003,Generic Training,Floor,2026-07-20 00:00:00,2026-07-23 00:00:00,3,4,24,23.1,15.1,8,23.8,97.1,82,1,Yes,74.2,87.8,1,1,0.3,Completed,Jul-2026,30,1
730,BAT202607-19,ASS0183,Experienced,AUTH,Revere Health,TR003,CST,Hybrid,2026-07-24 00:00:00,2026-07-24 00:00:00,2,1,16,13.6,10.3,3.3,16.2,84,68,3,No,97.2,81.2,2,1,3.7,Completed,Jul-2026,30,0
731,BAT202607-19,ASS0183,Experienced,AUTH,Revere Health,TR003,LAW,Virtual,2026-07-25 00:00:00,2026-07-29 00:00:00,5,5,40,35.5,23.1,12.4,38.3,92.7,89,1,Yes,93.5,84.8,8,0,1.2,Completed,Jul-2026,30,0
732,BAT202607-19,ASS0183,Experienced,AUTH,Revere Health,TR003,OJT,Virtual,2026-07-30 00:00:00,2026-08-15 00:00:00,15,17,120,102.8,75.9,26.9,127,80.9,69,3,No,86.6,90.9,5,3,2.3,Completed,Jul-2026,31,1
733,BAT202606-19,ASS0184,Fresher,EVBV,Client Gamma,TR008,Generic Training,Floor,2026-06-13 00:00:00,2026-06-19 00:00:00,7,7,56,55.1,40.8,14.3,55.8,98.7,72,1,Yes,85.3,93.7,1,1,0.4,Extended,Jun-2026,24,0
734,BAT202606-19,ASS0184,Fresher,EVBV,Client Gamma,TR008,CST,Hybrid,2026-06-20 00:00:00,2026-06-24 00:00:00,5,5,40,33.1,26.5,6.6,38,87.1,75,1,Yes,86.2,76.8,2,2,1.7,Completed,Jun-2026,25,0
735,BAT202606-19,ASS0184,Fresher,EVBV,Client Gamma,TR008,LAW,Virtual,2026-06-25 00:00:00,2026-07-04 00:00:00,10,10,80,80,53.3,26.7,79.8,100.3,73,1,Yes,81.4,80.8,2,1,0.7,Completed,Jun-2026,26,0
736,BAT202607-19,ASS0184,Fresher,EVBV,Client Gamma,TR008,OJT,Virtual,2026-07-05 00:00:00,2026-07-30 00:00:00,25,26,200,187.1,132.9,54.2,215.7,86.7,90,1,Yes,92.9,92.7,10,1,0.8,Completed,Jul-2026,27,1
737,BAT202609-19,ASS0185,Experienced,CBR,Client Gamma,TR004,Generic Training,Classroom,2026-09-01 00:00:00,2026-09-03 00:00:00,3,3,24,21.3,16.4,4.9,24.2,88,89,1,Yes,79.7,89,0,1,2,Completed,Sep-2026,36,0
738,BAT202609-19,ASS0185,Experienced,CBR,Client Gamma,TR004,CST,Virtual,2026-09-04 00:00:00,2026-09-06 00:00:00,3,3,24,23.7,21,2.7,23.1,102.6,89,1,Yes,84.2,64.7,0,0,1.4,Completed,Sep-2026,36,0
739,BAT202609-19,ASS0185,Experienced,CBR,Client Gamma,TR004,LAW,Hybrid,2026-09-07 00:00:00,2026-09-11 00:00:00,5,5,40,40,20.7,19.3,36.9,108.4,87,1,Yes,75.5,100,9,2,0.8,Completed,Sep-2026,37,0
740,BAT202609-19,ASS0185,Experienced,CBR,Client Gamma,TR004,OJT,Hybrid,2026-09-12 00:00:00,2026-09-26 00:00:00,15,15,120,111.5,97,14.5,123,90.7,92,1,Yes,86.9,78.7,6,0,0.5,Completed,Sep-2026,37,0
741,BAT202608-19,ASS0186,Fresher,CBR,Revere Health,TR005,Generic Training,Classroom,2026-08-01 00:00:00,2026-08-08 00:00:00,8,8,64,52.8,32.6,20.2,62.1,85,83,1,Yes,97.2,71.6,3,0,1.5,Completed,Aug-2026,31,0
742,BAT202608-19,ASS0186,Fresher,CBR,Revere Health,TR005,CST,Floor,2026-08-09 00:00:00,2026-08-11 00:00:00,3,3,24,23.1,15.8,7.3,22.9,100.9,89,1,Yes,81,86.5,2,3,0.1,Completed,Aug-2026,32,0
743,BAT202608-19,ASS0186,Fresher,CBR,Revere Health,TR005,LAW,Floor,2026-08-12 00:00:00,2026-08-21 00:00:00,10,10,80,79,45.1,33.9,79.5,99.4,82,1,Yes,88.4,75.1,5,0,0.9,Completed,Aug-2026,33,0
744,BAT202608-19,ASS0186,Fresher,CBR,Revere Health,TR005,OJT,Classroom,2026-08-22 00:00:00,2026-09-15 00:00:00,25,25,200,187,97.5,89.5,210.2,89,73,1,Yes,74.8,82,3,1,1.7,Completed,Aug-2026,34,0
745,BAT202607-19,ASS0187,Experienced,AR,River Health,TR007,Generic Training,Floor,2026-07-16 00:00:00,2026-07-17 00:00:00,2,2,16,14.4,10.6,3.8,16.6,86.7,73,1,Yes,86.1,88,1,3,0.7,Completed,Jul-2026,29,0
746,BAT202607-19,ASS0187,Experienced,AR,River Health,TR007,CST,Hybrid,2026-07-18 00:00:00,2026-07-20 00:00:00,3,3,24,22.6,13.1,9.5,25.8,87.6,81,1,Yes,72.3,67.6,2,1,1.9,Completed,Jul-2026,29,0
747,BAT202607-19,ASS0187,Experienced,AR,River Health,TR007,LAW,Classroom,2026-07-21 00:00:00,2026-07-25 00:00:00,5,5,40,38.7,30.1,8.6,43.1,89.8,77,1,Yes,67.3,91.7,6,0,1.7,Completed,Jul-2026,30,0
748,BAT202607-19,ASS0187,Experienced,AR,River Health,TR007,OJT,Hybrid,2026-07-26 00:00:00,2026-08-09 00:00:00,15,15,120,107.6,80.6,27,115.9,92.8,78,1,Yes,98.5,100,3,1,1.2,Completed,Jul-2026,30,0
749,BAT202608-19,ASS0188,Fresher,CBR,Client Delta,TR006,Generic Training,Classroom,2026-08-04 00:00:00,2026-08-11 00:00:00,8,8,64,64,54.9,9.1,61.6,103.9,81,1,Yes,97.1,93.1,5,0,1,Completed,Aug-2026,32,0
750,BAT202608-19,ASS0188,Fresher,CBR,Client Delta,TR006,CST,Virtual,2026-08-12 00:00:00,2026-08-16 00:00:00,5,5,40,36.3,25.6,10.7,41,88.5,70,1,Yes,94,83.9,1,3,0.4,Completed,Aug-2026,33,0
751,BAT202608-19,ASS0188,Fresher,CBR,Client Delta,TR006,LAW,Hybrid,2026-08-17 00:00:00,2026-08-26 00:00:00,10,10,80,73.6,48.5,25.1,81.2,90.6,77,1,Yes,75.6,82.7,8,1,0.4,Completed,Aug-2026,34,0
752,BAT202608-19,ASS0188,Fresher,CBR,Client Delta,TR006,OJT,Hybrid,2026-08-27 00:00:00,2026-09-20 00:00:00,25,25,200,185.4,154.4,31,209.8,88.4,93,1,Yes,99.1,86.4,7,1,0.6,Completed,Aug-2026,35,0
753,BAT202604-19,ASS0189,Experienced,CBR,Client Beta,TR003,Generic Training,Classroom,2026-04-16 00:00:00,2026-04-17 00:00:00,2,2,16,15,9.3,5.7,15.8,94.9,85,1,Yes,83.6,71.4,2,1,1.2,Completed,Apr-2026,16,0
754,BAT202604-19,ASS0189,Experienced,CBR,Client Beta,TR003,CST,Hybrid,2026-04-18 00:00:00,2026-04-20 00:00:00,3,3,24,23.2,15.2,8,23,100.9,66,2,No,92.1,74.7,2,1,2.7,Completed,Apr-2026,16,0
755,BAT202604-19,ASS0189,Experienced,CBR,Client Beta,TR003,LAW,Hybrid,2026-04-21 00:00:00,2026-04-25 00:00:00,5,5,40,40,25.1,14.9,41.7,95.9,83,1,Yes,96.6,76.4,11,2,0.5,Completed,Apr-2026,17,0
756,BAT202604-19,ASS0189,Experienced,CBR,Client Beta,TR003,OJT,Classroom,2026-04-26 00:00:00,2026-05-10 00:00:00,15,15,120,113.9,88.1,25.8,114.5,99.5,72,1,Yes,84.1,77.5,6,1,0.1,Completed,Apr-2026,17,0
757,BAT202607-19,ASS0190,Experienced,Billing,Client Gamma,TR008,Generic Training,Hybrid,2026-07-03 00:00:00,2026-07-03 00:00:00,2,1,16,14.4,12.2,2.2,17.1,84.2,75,1,Yes,98,99.8,1,1,0.7,Completed,Jul-2026,27,0
758,BAT202607-19,ASS0190,Experienced,Billing,Client Gamma,TR008,CST,Classroom,2026-07-04 00:00:00,2026-07-05 00:00:00,2,2,16,14.9,9.6,5.3,15.9,93.7,94,1,Yes,98.7,74.8,5,1,0.8,Completed,Jul-2026,27,0
759,BAT202607-19,ASS0190,Experienced,Billing,Client Gamma,TR008,LAW,Virtual,2026-07-06 00:00:00,2026-07-10 00:00:00,5,5,40,38.7,31.6,7.1,37.4,103.5,76,1,Yes,83.3,78.8,6,0,1.8,Completed,Jul-2026,28,0
760,BAT202607-19,ASS0190,Experienced,Billing,Client Gamma,TR008,OJT,Hybrid,2026-07-11 00:00:00,2026-07-27 00:00:00,15,17,120,108.4,85.2,23.2,125.7,86.2,84,1,Yes,88.4,75.5,5,1,1.6,Completed,Jul-2026,28,1
761,BAT202601-20,ASS0191,Fresher,Billing,Client Alpha,TR008,Generic Training,Classroom,2026-01-06 00:00:00,2026-01-12 00:00:00,7,7,56,52.6,32.3,20.3,52.5,100.2,87,1,Yes,72.7,72.3,1,0,1.2,Completed,Jan-2026,2,0
762,BAT202601-20,ASS0191,Fresher,Billing,Client Alpha,TR008,CST,Classroom,2026-01-13 00:00:00,2026-01-16 00:00:00,4,4,32,29.8,25.9,3.9,32.3,92.3,71,1,Yes,88.5,85.9,1,0,0.1,Completed,Jan-2026,3,0
763,BAT202601-20,ASS0191,Fresher,Billing,Client Alpha,TR008,LAW,Classroom,2026-01-17 00:00:00,2026-01-26 00:00:00,10,10,80,73.1,39.3,33.8,82.1,89,84,1,Yes,83.5,81.9,10,0,1.8,Completed,Jan-2026,3,0
764,BAT202601-20,ASS0191,Fresher,Billing,Client Alpha,TR008,OJT,Hybrid,2026-01-27 00:00:00,2026-02-20 00:00:00,25,25,200,199.2,158.8,40.4,212,94,77,1,Yes,86,77.6,5,0,0.7,Completed,Jan-2026,5,0
765,BAT202602-20,ASS0192,Fresher,Charge Entry,Client Alpha,TR006,Generic Training,Hybrid,2026-02-27 00:00:00,2026-03-04 00:00:00,6,6,48,39.4,28.5,10.9,48.7,80.9,87,1,Yes,80.2,71.3,2,0,0.8,Completed,Feb-2026,9,0
766,BAT202603-20,ASS0192,Fresher,Charge Entry,Client Alpha,TR006,CST,Classroom,2026-03-05 00:00:00,2026-03-08 00:00:00,4,4,32,32,22.4,9.6,30.5,104.9,76,1,Yes,79.1,74.8,1,0,1.9,Completed,Mar-2026,10,0
767,BAT202603-20,ASS0192,Fresher,Charge Entry,Client Alpha,TR006,LAW,Classroom,2026-03-09 00:00:00,2026-03-18 00:00:00,10,10,80,74.1,54.6,19.5,78.3,94.6,78,1,Yes,95.3,94.5,7,0,0.7,Completed,Mar-2026,11,0
768,BAT202603-20,ASS0192,Fresher,Charge Entry,Client Alpha,TR006,OJT,Floor,2026-03-19 00:00:00,2026-04-12 00:00:00,25,25,200,191.5,136.5,55,191.6,99.9,78,1,Yes,77.2,77.7,5,1,1.5,Completed,Mar-2026,12,0
769,BAT202606-20,ASS0193,Experienced,AR,Client Gamma,TR004,Generic Training,Virtual,2026-06-14 00:00:00,2026-06-15 00:00:00,2,2,16,14.9,13.1,1.8,15.7,94.9,75,1,Yes,86.5,85.5,2,2,1.9,Completed,Jun-2026,24,0
770,BAT202606-20,ASS0193,Experienced,AR,Client Gamma,TR004,CST,Hybrid,2026-06-16 00:00:00,2026-06-17 00:00:00,2,2,16,16,12.8,3.2,16.4,97.6,86,1,Yes,83,85.9,1,1,2,Completed,Jun-2026,25,0
771,BAT202606-20,ASS0193,Experienced,AR,Client Gamma,TR004,LAW,Classroom,2026-06-18 00:00:00,2026-06-22 00:00:00,5,5,40,38.1,33.8,4.3,42.3,90.1,66,3,No,98.5,84.7,10,2,4.7,Completed,Jun-2026,25,0
772,BAT202606-20,ASS0193,Experienced,AR,Client Gamma,TR004,OJT,Floor,2026-06-23 00:00:00,2026-07-07 00:00:00,15,15,120,106.9,83.7,23.2,122.9,87,76,1,Yes,84.3,73.1,1,0,0.5,Completed,Jun-2026,26,0
773,BAT202608-20,ASS0194,Fresher,Payment Posting,Client Beta,TR007,Generic Training,Classroom,2026-08-12 00:00:00,2026-08-19 00:00:00,8,8,64,59.9,45.1,14.8,66.3,90.3,84,1,Yes,76.8,90.7,4,0,0.3,Completed,Aug-2026,33,0
774,BAT202608-20,ASS0194,Fresher,Payment Posting,Client Beta,TR007,CST,Classroom,2026-08-20 00:00:00,2026-08-24 00:00:00,3,5,24,21,17.4,3.6,22.4,93.8,77,1,Yes,100,62.6,3,2,1.1,Completed,Aug-2026,34,1
775,BAT202608-20,ASS0194,Fresher,Payment Posting,Client Beta,TR007,LAW,Floor,2026-08-25 00:00:00,2026-09-03 00:00:00,10,10,80,79.3,55.7,23.6,75.1,105.6,73,1,Yes,83.4,74.5,12,1,1.3,Completed,Aug-2026,35,0
776,BAT202609-20,ASS0194,Fresher,Payment Posting,Client Beta,TR007,OJT,Classroom,2026-09-04 00:00:00,2026-09-28 00:00:00,25,25,200,182.7,139.2,43.5,194.1,94.1,87,1,Yes,90.3,99.9,4,2,1.8,Extended,Sep-2026,36,0
777,BAT202608-20,ASS0195,Fresher,AR,Client Beta,TR004,Generic Training,Classroom,2026-08-25 00:00:00,2026-08-30 00:00:00,6,6,48,48,32.7,15.3,50.7,94.7,55,2,No,78.9,79.5,3,2,7.8,Completed,Aug-2026,35,0
778,BAT202608-20,ASS0195,Fresher,AR,Client Beta,TR004,CST,Classroom,2026-08-31 00:00:00,2026-09-02 00:00:00,3,3,24,20.9,13.4,7.5,25.2,82.9,86,1,Yes,85.2,75.5,3,1,0.8,Completed,Aug-2026,36,0
779,BAT202609-20,ASS0195,Fresher,AR,Client Beta,TR004,LAW,Classroom,2026-09-03 00:00:00,2026-09-12 00:00:00,10,10,80,66.3,50.1,16.2,78.5,84.5,73,1,Yes,80.3,98.7,8,1,0.1,Completed,Sep-2026,36,0
780,BAT202609-20,ASS0195,Fresher,AR,Client Beta,TR004,OJT,Classroom,2026-09-13 00:00:00,2026-10-07 00:00:00,25,25,200,195.8,144.7,51.1,191.4,102.3,84,1,Yes,82.7,72.5,5,1,1.1,Completed,Sep-2026,37,0
781,BAT202607-20,ASS0196,Fresher,Billing,Client Beta,TR008,Generic Training,Hybrid,2026-07-25 00:00:00,2026-07-31 00:00:00,7,7,56,53.9,40.5,13.4,60.2,89.5,68,3,No,77,63,2,3,3,Completed,Jul-2026,30,0
782,BAT202608-20,ASS0196,Fresher,Billing,Client Beta,TR008,CST,Virtual,2026-08-01 00:00:00,2026-08-05 00:00:00,5,5,40,35.6,28.7,6.9,41.1,86.6,85,3,No,73.3,90.4,1,1,4,Completed,Aug-2026,31,0
783,BAT202608-20,ASS0196,Fresher,Billing,Client Beta,TR008,LAW,Floor,2026-08-06 00:00:00,2026-08-15 00:00:00,10,10,80,74.2,51,23.2,75.9,97.8,78,1,Yes,87.8,77.3,14,1,1.6,Completed,Aug-2026,32,0
784,BAT202608-20,ASS0196,Fresher,Billing,Client Beta,TR008,OJT,Virtual,2026-08-16 00:00:00,2026-09-09 00:00:00,25,25,200,200,117.6,82.4,204.2,97.9,80,1,Yes,77.9,76,6,1,1.3,Completed,Aug-2026,33,0
785,BAT202604-20,ASS0197,Experienced,EVBV,River Health,TR002,Generic Training,Hybrid,2026-04-15 00:00:00,2026-04-16 00:00:00,2,2,16,14.6,11.8,2.8,15.2,96.1,100,1,Yes,86.6,81.9,0,0,2,Completed,Apr-2026,16,0
786,BAT202604-20,ASS0197,Experienced,EVBV,River Health,TR002,CST,Classroom,2026-04-17 00:00:00,2026-04-18 00:00:00,2,2,16,14.5,10,4.5,17,85.3,96,1,Yes,90,64.2,1,1,0.3,Completed,Apr-2026,16,0
787,BAT202604-20,ASS0197,Experienced,EVBV,River Health,TR002,LAW,Classroom,2026-04-19 00:00:00,2026-04-21 00:00:00,5,3,40,34.4,30.7,3.7,39.1,88,98,1,Yes,84.2,81.6,9,2,1.7,Completed,Apr-2026,16,0
788,BAT202604-20,ASS0197,Experienced,EVBV,River Health,TR002,OJT,Floor,2026-04-22 00:00:00,2026-05-06 00:00:00,15,15,120,111.2,68,43.2,120.3,92.4,66,2,No,79.4,80.4,5,2,6,Completed,Apr-2026,17,0
789,BAT202602-20,ASS0198,Fresher,Billing,River Health,TR006,Generic Training,Classroom,2026-02-04 00:00:00,2026-02-09 00:00:00,6,6,48,44.6,35.8,8.8,46.1,96.7,97,1,Yes,79.1,69.3,3,0,1.2,Completed,Feb-2026,6,0
790,BAT202602-20,ASS0198,Fresher,Billing,River Health,TR006,CST,Floor,2026-02-10 00:00:00,2026-02-12 00:00:00,3,3,24,21.1,19.8,1.3,24.7,85.4,82,3,No,79.1,94.8,2,2,5.6,Completed,Feb-2026,7,0
791,BAT202602-20,ASS0198,Fresher,Billing,River Health,TR006,LAW,Hybrid,2026-02-13 00:00:00,2026-02-22 00:00:00,10,10,80,79.4,62.1,17.3,84.6,93.9,73,1,Yes,77.5,92.9,6,2,0.3,Completed,Feb-2026,7,0
792,BAT202602-20,ASS0198,Fresher,Billing,River Health,TR006,OJT,Classroom,2026-02-23 00:00:00,2026-03-17 00:00:00,25,23,200,200,127.7,72.3,195,102.6,90,1,Yes,90.2,73.2,3,1,0.8,Completed,Feb-2026,9,0
793,BAT202606-20,ASS0199,Experienced,Charge Entry,Client Alpha,TR007,Generic Training,Floor,2026-06-30 00:00:00,2026-07-02 00:00:00,3,3,24,19.4,15.4,4,25.7,75.5,62,3,No,76.8,75.2,1,3,6,Completed,Jun-2026,27,0
794,BAT202607-20,ASS0199,Experienced,Charge Entry,Client Alpha,TR007,CST,Floor,2026-07-03 00:00:00,2026-07-04 00:00:00,2,2,16,15.5,7.6,7.9,17.1,90.6,80,1,Yes,84.5,96,0,1,1.1,Completed,Jul-2026,27,0
795,BAT202607-20,ASS0199,Experienced,Charge Entry,Client Alpha,TR007,LAW,Hybrid,2026-07-05 00:00:00,2026-07-09 00:00:00,5,5,40,37.2,21.3,15.9,40.1,92.8,100,1,Yes,80.2,67.1,4,4,1.3,Completed,Jul-2026,27,0
796,BAT202607-20,ASS0199,Experienced,Charge Entry,Client Alpha,TR007,OJT,Virtual,2026-07-10 00:00:00,2026-07-24 00:00:00,15,15,120,116.2,86.9,29.3,120.5,96.4,93,1,Yes,85.8,86.6,4,2,1,Extended,Jul-2026,28,0
797,BAT202606-20,ASS0200,Fresher,Billing,River Health,TR001,Generic Training,Hybrid,2026-06-18 00:00:00,2026-06-24 00:00:00,7,7,56,52.1,33.8,18.3,58.1,89.7,82,1,Yes,84.9,86.8,1,1,0.4,Completed,Jun-2026,25,0
798,BAT202606-20,ASS0200,Fresher,Billing,River Health,TR001,CST,Floor,2026-06-25 00:00:00,2026-06-27 00:00:00,3,3,24,21.6,17.9,3.7,22.5,96,72,1,Yes,72.1,83.8,1,1,1.7,Completed,Jun-2026,26,0
799,BAT202606-20,ASS0200,Fresher,Billing,River Health,TR001,LAW,Classroom,2026-06-28 00:00:00,2026-07-07 00:00:00,10,10,80,77.4,56.8,20.6,76,101.8,100,1,Yes,89.9,79.3,4,2,0.8,Completed,Jun-2026,26,0
800,BAT202607-20,ASS0200,Fresher,Billing,River Health,TR001,OJT,Virtual,2026-07-08 00:00:00,2026-08-01 00:00:00,25,25,200,186.5,119.8,66.7,207.5,89.9,69,3,No,81.6,72.1,6,2,5.6,Completed,Jul-2026,28,0
801,BAT202602-21,ASS0201,Fresher,Billing,Client Beta,TR005,Generic Training,Classroom,2026-02-09 00:00:00,2026-02-14 00:00:00,6,6,48,46.1,34.5,11.6,51,90.4,87,1,Yes,88.3,100,2,2,1.2,Completed,Feb-2026,7,0
802,BAT202602-21,ASS0201,Fresher,Billing,Client Beta,TR005,CST,Hybrid,2026-02-15 00:00:00,2026-02-17 00:00:00,3,3,24,21.9,16.9,5,23.9,91.6,72,1,Yes,82,82.2,5,2,1.6,Completed,Feb-2026,7,0
803,BAT202602-21,ASS0201,Fresher,Billing,Client Beta,TR005,LAW,Classroom,2026-02-18 00:00:00,2026-02-27 00:00:00,10,10,80,75.1,64.3,10.8,84.8,88.6,85,1,Yes,83,80.1,9,0,0.6,Completed,Feb-2026,8,0
804,BAT202602-21,ASS0201,Fresher,Billing,Client Beta,TR005,OJT,Classroom,2026-02-28 00:00:00,2026-03-24 00:00:00,25,25,200,178.9,159.2,19.7,198.1,90.3,52,2,No,83.7,83.6,10,1,5.7,Completed,Feb-2026,9,0
805,BAT202607-21,ASS0202,Experienced,AR,Client Gamma,TR005,Generic Training,Hybrid,2026-07-05 00:00:00,2026-07-06 00:00:00,3,2,24,22.8,19.7,3.1,25.1,90.8,75,1,Yes,86.9,91.5,4,1,1,Completed,Jul-2026,27,0
806,BAT202607-21,ASS0202,Experienced,AR,Client Gamma,TR005,CST,Floor,2026-07-07 00:00:00,2026-07-09 00:00:00,3,3,24,23.1,17.1,6,23.7,97.5,79,1,Yes,89.6,94.2,1,2,0.1,Completed,Jul-2026,28,0
807,BAT202607-21,ASS0202,Experienced,AR,Client Gamma,TR005,LAW,Virtual,2026-07-10 00:00:00,2026-07-15 00:00:00,5,6,40,37.9,22.3,15.6,40.6,93.3,76,1,Yes,91,89.9,13,0,1.2,Completed,Jul-2026,28,1
808,BAT202607-21,ASS0202,Experienced,AR,Client Gamma,TR005,OJT,Floor,2026-07-16 00:00:00,2026-07-30 00:00:00,15,15,120,107.1,78.2,28.9,123.8,86.5,87,1,Yes,78.7,77.8,2,4,1.9,Completed,Jul-2026,29,0
809,BAT202604-21,ASS0203,Experienced,Payment Posting,Client Alpha,TR006,Generic Training,Classroom,2026-04-30 00:00:00,2026-05-01 00:00:00,2,2,16,16,8.6,7.4,16.2,98.8,82,1,Yes,80.2,83.4,1,0,0.2,Completed,Apr-2026,18,0
810,BAT202605-21,ASS0203,Experienced,Payment Posting,Client Alpha,TR006,CST,Floor,2026-05-02 00:00:00,2026-05-04 00:00:00,3,3,24,20.5,13.9,6.6,22.2,92.3,82,1,Yes,90,89.7,0,5,1.4,Completed,May-2026,18,0
811,BAT202605-21,ASS0203,Experienced,Payment Posting,Client Alpha,TR006,LAW,Virtual,2026-05-05 00:00:00,2026-05-09 00:00:00,5,5,40,34.6,29,5.6,40.9,84.6,90,1,Yes,84,83.6,8,1,0.4,Completed,May-2026,19,0
812,BAT202605-21,ASS0203,Experienced,Payment Posting,Client Alpha,TR006,OJT,Floor,2026-05-10 00:00:00,2026-05-24 00:00:00,15,15,120,113.3,89.3,24,126,89.9,84,1,Yes,86.6,93.7,3,2,0.9,Completed,May-2026,19,0
813,BAT202603-21,ASS0204,Experienced,EVBV,River Health,TR002,Generic Training,Classroom,2026-03-16 00:00:00,2026-03-18 00:00:00,3,3,24,23.1,19,4.1,25.8,89.5,94,1,Yes,73.7,97.9,2,0,0.9,Completed,Mar-2026,12,0
814,BAT202603-21,ASS0204,Experienced,EVBV,River Health,TR002,CST,Floor,2026-03-19 00:00:00,2026-03-20 00:00:00,2,2,16,16,10.8,5.2,15.8,101.3,82,3,No,62.5,75,4,2,2.4,Completed,Mar-2026,12,0
815,BAT202603-21,ASS0204,Experienced,EVBV,River Health,TR002,LAW,Hybrid,2026-03-21 00:00:00,2026-03-25 00:00:00,5,5,40,34,27.9,6.1,37.3,91.2,80,1,Yes,76,87.7,6,0,1.9,Completed,Mar-2026,12,0
816,BAT202603-21,ASS0204,Experienced,EVBV,River Health,TR002,OJT,Classroom,2026-03-26 00:00:00,2026-04-08 00:00:00,15,14,120,110.2,81.7,28.5,123.9,88.9,82,2,No,85.5,93.7,5,2,7.8,Completed,Mar-2026,13,0
817,BAT202604-21,ASS0205,Fresher,EVBV,River Health,TR008,Generic Training,Classroom,2026-04-02 00:00:00,2026-04-04 00:00:00,5,3,40,37.5,31.9,5.6,42.5,88.2,68,3,No,77.1,76.1,3,1,4.8,Completed,Apr-2026,14,0
818,BAT202604-21,ASS0205,Fresher,EVBV,River Health,TR008,CST,Floor,2026-04-05 00:00:00,2026-04-09 00:00:00,5,5,40,40,27.9,12.1,42.5,94.1,74,1,Yes,100,86.6,1,2,0.9,Completed,Apr-2026,14,0
819,BAT202604-21,ASS0205,Fresher,EVBV,River Health,TR008,LAW,Hybrid,2026-04-10 00:00:00,2026-04-19 00:00:00,10,10,80,76,57.2,18.8,82.1,92.6,72,1,Yes,88.1,84.7,6,0,1,Completed,Apr-2026,15,0
820,BAT202604-21,ASS0205,Fresher,EVBV,River Health,TR008,OJT,Hybrid,2026-04-20 00:00:00,2026-05-14 00:00:00,25,25,200,181.6,147.7,33.9,200.8,90.4,77,1,Yes,88.3,100,4,0,1.1,Completed,Apr-2026,17,0
821,BAT202607-21,ASS0206,Fresher,EVBV,Revere Health,TR004,Generic Training,Floor,2026-07-03 00:00:00,2026-07-09 00:00:00,8,7,64,63,45,18,64.5,97.7,78,1,Yes,87.6,89,0,3,1.1,Completed,Jul-2026,27,0
822,BAT202607-21,ASS0206,Fresher,EVBV,Revere Health,TR004,CST,Hybrid,2026-07-10 00:00:00,2026-07-12 00:00:00,3,3,24,23,18.2,4.8,24.5,93.9,63,3,No,94.6,77.1,2,3,5.2,Completed,Jul-2026,28,0
823,BAT202607-21,ASS0206,Fresher,EVBV,Revere Health,TR004,LAW,Floor,2026-07-13 00:00:00,2026-07-22 00:00:00,10,10,80,67.1,44.2,22.9,79.4,84.5,96,1,Yes,87.2,82,4,0,0.1,Completed,Jul-2026,29,0
824,BAT202607-21,ASS0206,Fresher,EVBV,Revere Health,TR004,OJT,Hybrid,2026-07-23 00:00:00,2026-08-15 00:00:00,25,24,200,200,98.8,101.2,191.1,104.7,81,1,Yes,78.4,90.5,2,1,1.6,Completed,Jul-2026,30,0
825,BAT202602-21,ASS0207,Experienced,AR,Client Alpha,TR003,Generic Training,Virtual,2026-02-09 00:00:00,2026-02-12 00:00:00,4,4,32,31.1,18.3,12.8,30.2,103,82,1,Yes,90.8,88.4,6,1,2,Completed,Feb-2026,7,0
826,BAT202602-21,ASS0207,Experienced,AR,Client Alpha,TR003,CST,Hybrid,2026-02-13 00:00:00,2026-02-15 00:00:00,3,3,24,23.8,15.6,8.2,25.5,93.3,93,1,Yes,98.2,90.9,2,4,0.9,Completed,Feb-2026,7,0
827,BAT202602-21,ASS0207,Experienced,AR,Client Alpha,TR003,LAW,Classroom,2026-02-16 00:00:00,2026-02-20 00:00:00,5,5,40,33.3,21.6,11.7,39.8,83.7,88,3,No,90,71.2,3,0,2.3,Completed,Feb-2026,8,0
828,BAT202602-21,ASS0207,Experienced,AR,Client Alpha,TR003,OJT,Classroom,2026-02-21 00:00:00,2026-03-07 00:00:00,15,15,120,117.8,77,40.8,110.7,106.4,78,1,Yes,81.9,77.6,7,1,0,Completed,Feb-2026,8,0
829,BAT202604-21,ASS0208,Experienced,EVBV,Client Alpha,TR002,Generic Training,Classroom,2026-04-22 00:00:00,2026-04-25 00:00:00,4,4,32,30.9,21,9.9,30,103,84,1,Yes,76.1,83.3,5,2,0.5,Completed,Apr-2026,17,0
830,BAT202604-21,ASS0208,Experienced,EVBV,Client Alpha,TR002,CST,Classroom,2026-04-26 00:00:00,2026-04-28 00:00:00,3,3,24,23.4,15.8,7.6,24.3,96.3,68,2,No,90.8,87.3,2,1,7.8,Completed,Apr-2026,17,0
831,BAT202604-21,ASS0208,Experienced,EVBV,Client Alpha,TR002,LAW,Virtual,2026-04-29 00:00:00,2026-05-03 00:00:00,5,5,40,39.6,31.6,8,39.1,101.3,96,1,Yes,81,86.4,10,1,0.6,Completed,Apr-2026,18,0
832,BAT202605-21,ASS0208,Experienced,EVBV,Client Alpha,TR002,OJT,Classroom,2026-05-04 00:00:00,2026-05-18 00:00:00,15,15,120,99.9,58.8,41.1,126.3,79.1,88,1,Yes,69.3,100,10,0,0.3,Completed,May-2026,19,0
833,BAT202607-21,ASS0209,Experienced,Billing,Revere Health,TR006,Generic Training,Classroom,2026-07-21 00:00:00,2026-07-23 00:00:00,2,3,16,14.1,12.7,1.4,16.7,84.4,96,1,Yes,100,86.5,1,3,0.7,Completed,Jul-2026,30,1
834,BAT202607-21,ASS0209,Experienced,Billing,Revere Health,TR006,CST,Classroom,2026-07-24 00:00:00,2026-07-25 00:00:00,2,2,16,14.3,9.5,4.8,16.6,86.1,71,1,Yes,80.3,73.5,1,2,1.4,Completed,Jul-2026,30,0
835,BAT202607-21,ASS0209,Experienced,Billing,Revere Health,TR006,LAW,Classroom,2026-07-26 00:00:00,2026-07-30 00:00:00,5,5,40,35.4,18.4,17,37.1,95.4,79,1,Yes,100,83.7,10,0,0.1,Completed,Jul-2026,30,0
836,BAT202607-21,ASS0209,Experienced,Billing,Revere Health,TR006,OJT,Virtual,2026-07-31 00:00:00,2026-08-14 00:00:00,15,15,120,103.3,67.2,36.1,125.2,82.5,68,2,No,92.4,76.1,6,3,6.5,Completed,Jul-2026,31,0
837,BAT202608-21,ASS0210,Experienced,CBR,Client Beta,TR004,Generic Training,Classroom,2026-08-05 00:00:00,2026-08-07 00:00:00,3,3,24,21.1,16.1,5,23.4,90.2,89,1,Yes,91.8,81.1,0,0,0.5,Completed,Aug-2026,32,0
838,BAT202608-21,ASS0210,Experienced,CBR,Client Beta,TR004,CST,Virtual,2026-08-08 00:00:00,2026-08-08 00:00:00,2,1,16,13.2,9.6,3.6,14.8,89.2,90,1,Yes,100,88.1,2,0,0.1,Extended,Aug-2026,32,0
839,BAT202608-21,ASS0210,Experienced,CBR,Client Beta,TR004,LAW,Virtual,2026-08-09 00:00:00,2026-08-15 00:00:00,5,7,40,38.5,27,11.5,41.9,91.9,56,2,No,82,100,9,2,7.9,Completed,Aug-2026,32,1
840,BAT202608-21,ASS0210,Experienced,CBR,Client Beta,TR004,OJT,Hybrid,2026-08-16 00:00:00,2026-08-30 00:00:00,15,15,120,111.7,80.7,31,120.4,92.8,100,1,Yes,79.2,96.6,4,0,0.4,Completed,Aug-2026,33,0
841,BAT202607-22,ASS0211,Fresher,EVBV,Client Gamma,TR004,Generic Training,Classroom,2026-07-04 00:00:00,2026-07-09 00:00:00,6,6,48,45.1,37.3,7.8,44.2,102,72,1,Yes,70.7,79.9,0,1,1.2,Completed,Jul-2026,27,0
842,BAT202607-22,ASS0211,Fresher,EVBV,Client Gamma,TR004,CST,Classroom,2026-07-10 00:00:00,2026-07-14 00:00:00,5,5,40,35.8,30.5,5.3,39.4,90.9,82,3,No,98.7,91.6,2,0,5.3,Completed,Jul-2026,28,0
843,BAT202607-22,ASS0211,Fresher,EVBV,Client Gamma,TR004,LAW,Virtual,2026-07-15 00:00:00,2026-07-24 00:00:00,10,10,80,78.8,57.3,21.5,80.2,98.3,100,1,Yes,78.4,93.5,13,3,1.4,Extended,Jul-2026,29,0
844,BAT202607-22,ASS0211,Fresher,EVBV,Client Gamma,TR004,OJT,Hybrid,2026-07-25 00:00:00,2026-08-18 00:00:00,25,25,200,184.3,154.1,30.2,204.5,90.1,81,1,Yes,78.7,79.9,5,1,0.2,Completed,Jul-2026,30,0
845,BAT202607-22,ASS0212,Experienced,AUTH,Client Beta,TR008,Generic Training,Hybrid,2026-07-24 00:00:00,2026-07-27 00:00:00,4,4,32,30.3,20.1,10.2,30.3,100,72,1,Yes,85.1,82.7,3,3,1.7,Completed,Jul-2026,30,0
846,BAT202607-22,ASS0212,Experienced,AUTH,Client Beta,TR008,CST,Classroom,2026-07-28 00:00:00,2026-07-29 00:00:00,2,2,16,15.5,12.9,2.6,16.7,92.8,85,1,Yes,95,77.1,2,0,1.5,Completed,Jul-2026,31,0
847,BAT202607-22,ASS0212,Experienced,AUTH,Client Beta,TR008,LAW,Hybrid,2026-07-30 00:00:00,2026-08-03 00:00:00,5,5,40,37.7,28,9.7,43.1,87.5,68,2,No,97.3,75.2,6,3,5.8,Completed,Jul-2026,31,0
848,BAT202608-22,ASS0212,Experienced,AUTH,Client Beta,TR008,OJT,Hybrid,2026-08-04 00:00:00,2026-08-18 00:00:00,15,15,120,120,86.1,33.9,115.8,103.6,98,1,Yes,80.6,100,2,1,0.2,Completed,Aug-2026,32,0
849,BAT202605-22,ASS0213,Experienced,Charge Entry,Client Alpha,TR001,Generic Training,Classroom,2026-05-08 00:00:00,2026-05-10 00:00:00,4,3,32,28.9,23.3,5.6,30.5,94.8,74,1,Yes,89.6,84.2,0,1,1.7,Completed,May-2026,19,0
850,BAT202605-22,ASS0213,Experienced,Charge Entry,Client Alpha,TR001,CST,Hybrid,2026-05-11 00:00:00,2026-05-13 00:00:00,3,3,24,22.6,16.5,6.1,22.9,98.7,93,1,Yes,89.6,76.1,5,2,0.5,Completed,May-2026,20,0
851,BAT202605-22,ASS0213,Experienced,Charge Entry,Client Alpha,TR001,LAW,Hybrid,2026-05-14 00:00:00,2026-05-18 00:00:00,5,5,40,37.8,28.1,9.7,39.5,95.7,68,2,No,86.3,72.2,9,2,7.3,Completed,May-2026,20,0
852,BAT202605-22,ASS0213,Experienced,Charge Entry,Client Alpha,TR001,OJT,Classroom,2026-05-19 00:00:00,2026-06-01 00:00:00,15,14,120,105.5,80.5,25,114,92.5,75,1,Yes,71.5,85.1,4,3,0.3,Completed,May-2026,21,0
853,BAT202602-22,ASS0214,Fresher,CBR,Revere Health,TR004,Generic Training,Hybrid,2026-02-26 00:00:00,2026-03-04 00:00:00,7,7,56,56,38.8,17.2,54.7,102.4,100,1,Yes,80.5,69.6,1,0,2,Completed,Feb-2026,9,0
854,BAT202603-22,ASS0214,Fresher,CBR,Revere Health,TR004,CST,Floor,2026-03-05 00:00:00,2026-03-07 00:00:00,3,3,24,21,14.4,6.6,24.4,86.1,72,1,Yes,91,64.9,1,0,0.3,Completed,Mar-2026,10,0
855,BAT202603-22,ASS0214,Fresher,CBR,Revere Health,TR004,LAW,Floor,2026-03-08 00:00:00,2026-03-17 00:00:00,10,10,80,72.7,60.2,12.5,74.6,97.5,70,1,Yes,88.7,94.2,7,1,0,Completed,Mar-2026,10,0
856,BAT202603-22,ASS0214,Fresher,CBR,Revere Health,TR004,OJT,Floor,2026-03-18 00:00:00,2026-04-11 00:00:00,25,25,200,183.4,121,62.4,194.2,94.4,78,1,Yes,79.5,72.6,5,3,0.5,Completed,Mar-2026,12,0
857,BAT202607-22,ASS0215,Experienced,AUTH,Client Delta,TR002,Generic Training,Classroom,2026-07-25 00:00:00,2026-07-26 00:00:00,2,2,16,13.4,8.4,5,17,78.8,81,1,Yes,82.4,76.1,3,1,0.8,Completed,Jul-2026,30,0
858,BAT202607-22,ASS0215,Experienced,AUTH,Client Delta,TR002,CST,Classroom,2026-07-27 00:00:00,2026-07-28 00:00:00,2,2,16,15.8,10.6,5.2,17.3,91.3,81,2,No,97.2,78.6,2,1,4.1,Extended,Jul-2026,31,0
859,BAT202607-22,ASS0215,Experienced,AUTH,Client Delta,TR002,LAW,Classroom,2026-07-29 00:00:00,2026-08-02 00:00:00,5,5,40,38.8,30.5,8.3,36.8,105.4,73,3,No,85.4,81.9,12,0,3.2,Completed,Jul-2026,31,0
860,BAT202608-22,ASS0215,Experienced,AUTH,Client Delta,TR002,OJT,Hybrid,2026-08-03 00:00:00,2026-08-17 00:00:00,15,15,120,103.9,82.1,21.8,121.4,85.6,89,1,Yes,82.2,72.4,5,1,1.3,Completed,Aug-2026,32,0
861,BAT202606-22,ASS0216,Experienced,Billing,Client Beta,TR006,Generic Training,Floor,2026-06-26 00:00:00,2026-06-26 00:00:00,3,1,24,23.7,17,6.7,23.7,100,68,2,No,70.5,80.3,1,2,2.4,Completed,Jun-2026,26,0
862,BAT202606-22,ASS0216,Experienced,Billing,Client Beta,TR006,CST,Classroom,2026-06-27 00:00:00,2026-06-29 00:00:00,3,3,24,23.1,14.9,8.2,25.2,91.7,90,1,Yes,94.4,68.5,0,1,0.1,Completed,Jun-2026,26,0
863,BAT202606-22,ASS0216,Experienced,Billing,Client Beta,TR006,LAW,Classroom,2026-06-30 00:00:00,2026-07-03 00:00:00,5,4,40,40,31.7,8.3,38.8,103.1,92,1,Yes,93.2,72.7,13,0,0.5,Completed,Jun-2026,27,0
864,BAT202607-22,ASS0216,Experienced,Billing,Client Beta,TR006,OJT,Floor,2026-07-04 00:00:00,2026-07-18 00:00:00,15,15,120,116.9,84,32.9,117.4,99.6,75,1,Yes,84.6,78.9,3,1,1.4,Completed,Jul-2026,27,0
865,BAT202606-22,ASS0217,Experienced,AUTH,River Health,TR002,Generic Training,Floor,2026-06-05 00:00:00,2026-06-08 00:00:00,4,4,32,27.8,20,7.8,32.5,85.5,75,1,Yes,83.9,65,4,1,1.1,Completed,Jun-2026,23,0
866,BAT202606-22,ASS0217,Experienced,AUTH,River Health,TR002,CST,Classroom,2026-06-09 00:00:00,2026-06-11 00:00:00,2,3,16,16,11.8,4.2,15.5,103.2,81,1,Yes,83.7,71.6,3,1,1.8,Completed,Jun-2026,24,1
867,BAT202606-22,ASS0217,Experienced,AUTH,River Health,TR002,LAW,Classroom,2026-06-12 00:00:00,2026-06-16 00:00:00,5,5,40,37,25.3,11.7,41.9,88.3,86,1,Yes,87.6,99.8,8,0,1.9,Completed,Jun-2026,24,0
868,BAT202606-22,ASS0217,Experienced,AUTH,River Health,TR002,OJT,Floor,2026-06-17 00:00:00,2026-07-03 00:00:00,15,17,120,118.6,90.4,28.2,123.5,96,80,1,Yes,87.2,90.4,4,0,0.5,Completed,Jun-2026,25,1
869,BAT202605-22,ASS0218,Fresher,Payment Posting,Client Delta,TR008,Generic Training,Classroom,2026-05-24 00:00:00,2026-05-28 00:00:00,5,5,40,40,26.1,13.9,39.8,100.5,98,3,No,81,85.4,1,4,3.4,Completed,May-2026,21,0
870,BAT202605-22,ASS0218,Fresher,Payment Posting,Client Delta,TR008,CST,Classroom,2026-05-29 00:00:00,2026-06-01 00:00:00,4,4,32,32,19.7,12.3,29.5,108.5,84,1,Yes,99.5,100,0,0,1.2,Extended,May-2026,22,0
871,BAT202606-22,ASS0218,Fresher,Payment Posting,Client Delta,TR008,LAW,Virtual,2026-06-02 00:00:00,2026-06-11 00:00:00,10,10,80,74.6,50.4,24.2,85.3,87.5,73,1,Yes,88.2,70.4,4,5,0.7,Completed,Jun-2026,23,0
872,BAT202606-22,ASS0218,Fresher,Payment Posting,Client Delta,TR008,OJT,Classroom,2026-06-12 00:00:00,2026-07-06 00:00:00,25,25,200,184.6,165.5,19.1,185.7,99.4,79,1,Yes,70.4,67.2,8,1,0.7,Completed,Jun-2026,24,0
873,BAT202603-22,ASS0219,Experienced,Billing,Client Gamma,TR006,Generic Training,Classroom,2026-03-14 00:00:00,2026-03-17 00:00:00,4,4,32,28.8,15.5,13.3,33,87.3,92,1,Yes,80.4,90.1,4,1,0.2,Completed,Mar-2026,11,0
874,BAT202603-22,ASS0219,Experienced,Billing,Client Gamma,TR006,CST,Classroom,2026-03-18 00:00:00,2026-03-20 00:00:00,3,3,24,23.4,16.3,7.1,23.2,100.9,86,1,Yes,75.8,94,1,0,0.1,Completed,Mar-2026,12,0
875,BAT202603-22,ASS0219,Experienced,Billing,Client Gamma,TR006,LAW,Classroom,2026-03-21 00:00:00,2026-03-25 00:00:00,5,5,40,40,24.3,15.7,38,105.3,74,1,Yes,79.8,97.1,11,0,1.1,Completed,Mar-2026,12,0
876,BAT202603-22,ASS0219,Experienced,Billing,Client Gamma,TR006,OJT,Virtual,2026-03-26 00:00:00,2026-04-09 00:00:00,15,15,120,115.2,94.8,20.4,113.2,101.8,66,3,No,88,71,3,1,6.8,Completed,Mar-2026,13,0
877,BAT202601-22,ASS0220,Experienced,Charge Entry,Revere Health,TR007,Generic Training,Virtual,2026-01-08 00:00:00,2026-01-10 00:00:00,4,3,32,27.5,19.1,8.4,31.6,87,87,1,Yes,92,87.8,3,3,0.4,Completed,Jan-2026,2,0
878,BAT202601-22,ASS0220,Experienced,Charge Entry,Revere Health,TR007,CST,Floor,2026-01-11 00:00:00,2026-01-13 00:00:00,3,3,24,22.5,17,5.5,25.1,89.6,66,3,No,78.9,82.3,1,2,4.1,Completed,Jan-2026,2,0
879,BAT202601-22,ASS0220,Experienced,Charge Entry,Revere Health,TR007,LAW,Floor,2026-01-14 00:00:00,2026-01-17 00:00:00,5,4,40,36.7,25.6,11.1,38,96.6,93,1,Yes,85.4,80.3,8,0,1.7,Completed,Jan-2026,3,0
880,BAT202601-22,ASS0220,Experienced,Charge Entry,Revere Health,TR007,OJT,Floor,2026-01-18 00:00:00,2026-02-01 00:00:00,15,15,120,113.9,82.7,31.2,113.5,100.4,100,1,Yes,71.3,80.2,6,0,1.4,Extended,Jan-2026,3,0
881,BAT202608-23,ASS0221,Experienced,CBR,Revere Health,TR005,Generic Training,Classroom,2026-08-08 00:00:00,2026-08-11 00:00:00,4,4,32,32,25.3,6.7,33.5,95.5,59,3,No,86.1,79.7,5,2,2.4,Completed,Aug-2026,32,0
882,BAT202608-23,ASS0221,Experienced,CBR,Revere Health,TR005,CST,Hybrid,2026-08-12 00:00:00,2026-08-13 00:00:00,2,2,16,14.9,13.6,1.3,16.6,89.8,77,1,Yes,84.1,61.1,4,0,0.1,Completed,Aug-2026,33,0
883,BAT202608-23,ASS0221,Experienced,CBR,Revere Health,TR005,LAW,Floor,2026-08-14 00:00:00,2026-08-18 00:00:00,5,5,40,35.3,26.6,8.7,37.9,93.1,62,3,No,83.9,85.2,9,2,2.7,Completed,Aug-2026,33,0
884,BAT202608-23,ASS0221,Experienced,CBR,Revere Health,TR005,OJT,Floor,2026-08-19 00:00:00,2026-09-02 00:00:00,15,15,120,120,68.5,51.5,116.3,103.2,69,3,No,70.3,92.8,3,1,7.1,Completed,Aug-2026,34,0
885,BAT202605-23,ASS0222,Experienced,Billing,Revere Health,TR004,Generic Training,Hybrid,2026-05-16 00:00:00,2026-05-16 00:00:00,2,1,16,15.7,10.2,5.5,16.6,94.6,90,3,No,98.1,76.9,2,0,6.6,Completed,May-2026,20,0
886,BAT202605-23,ASS0222,Experienced,Billing,Revere Health,TR004,CST,Virtual,2026-05-17 00:00:00,2026-05-18 00:00:00,2,2,16,13.8,8.6,5.2,15.2,90.8,100,1,Yes,76.8,79.5,3,1,1.1,Completed,May-2026,20,0
887,BAT202605-23,ASS0222,Experienced,Billing,Revere Health,TR004,LAW,Hybrid,2026-05-19 00:00:00,2026-05-23 00:00:00,5,5,40,36.3,23.8,12.5,39.6,91.7,77,1,Yes,100,84.5,7,2,1.1,Completed,May-2026,21,0
888,BAT202605-23,ASS0222,Experienced,Billing,Revere Health,TR004,OJT,Floor,2026-05-24 00:00:00,2026-06-07 00:00:00,15,15,120,110.6,94.3,16.3,120.3,91.9,100,1,Yes,88,98.4,6,2,0.3,Completed,May-2026,21,0
889,BAT202606-23,ASS0223,Fresher,AR,Client Alpha,TR007,Generic Training,Virtual,2026-06-10 00:00:00,2026-06-17 00:00:00,8,8,64,64,50,14,61.3,104.4,100,1,Yes,100,93.6,4,0,0.1,Completed,Jun-2026,24,0
890,BAT202606-23,ASS0223,Fresher,AR,Client Alpha,TR007,CST,Classroom,2026-06-18 00:00:00,2026-06-20 00:00:00,3,3,24,19.3,15,4.3,22.9,84.3,81,1,Yes,84.5,84.9,1,1,1.4,Completed,Jun-2026,25,0
891,BAT202606-23,ASS0223,Fresher,AR,Client Alpha,TR007,LAW,Floor,2026-06-21 00:00:00,2026-06-30 00:00:00,10,10,80,80,50.2,29.8,85.6,93.5,100,1,Yes,85.8,78,9,2,0.7,Completed,Jun-2026,25,0
892,BAT202607-23,ASS0223,Fresher,AR,Client Alpha,TR007,OJT,Floor,2026-07-01 00:00:00,2026-07-25 00:00:00,25,25,200,200,150.7,49.3,206.2,97,87,1,Yes,86.8,100,3,1,0.6,Completed,Jul-2026,27,0
893,BAT202608-23,ASS0224,Fresher,Payment Posting,Client Beta,TR001,Generic Training,Hybrid,2026-08-05 00:00:00,2026-08-12 00:00:00,8,8,64,57.3,33,24.3,61.7,92.9,76,1,Yes,84.6,85.4,1,0,0.7,Completed,Aug-2026,32,0
894,BAT202608-23,ASS0224,Fresher,Payment Posting,Client Beta,TR001,CST,Floor,2026-08-13 00:00:00,2026-08-16 00:00:00,4,4,32,32,20.3,11.7,30.9,103.6,97,1,Yes,84.1,81.8,2,0,0.9,Completed,Aug-2026,33,0
895,BAT202608-23,ASS0224,Fresher,Payment Posting,Client Beta,TR001,LAW,Floor,2026-08-17 00:00:00,2026-08-26 00:00:00,10,10,80,66.2,50.4,15.8,83.2,79.6,80,1,Yes,86.6,69.5,8,1,1,Completed,Aug-2026,34,0
896,BAT202608-23,ASS0224,Fresher,Payment Posting,Client Beta,TR001,OJT,Classroom,2026-08-27 00:00:00,2026-09-18 00:00:00,25,23,200,187.4,131.8,55.6,196.9,95.2,75,1,Yes,75.9,76,6,0,1.1,Completed,Aug-2026,35,0
897,BAT202601-23,ASS0225,Experienced,Payment Posting,River Health,TR004,Generic Training,Hybrid,2026-01-29 00:00:00,2026-02-01 00:00:00,4,4,32,32,22.6,9.4,34.5,92.8,82,3,No,74,93.3,3,0,3.6,Completed,Jan-2026,5,0
898,BAT202602-23,ASS0225,Experienced,Payment Posting,River Health,TR004,CST,Classroom,2026-02-02 00:00:00,2026-02-03 00:00:00,2,2,16,14.9,11.4,3.5,17,87.6,87,1,Yes,92.3,73.6,4,0,1.7,Completed,Feb-2026,6,0
899,BAT202602-23,ASS0225,Experienced,Payment Posting,River Health,TR004,LAW,Floor,2026-02-04 00:00:00,2026-02-07 00:00:00,5,4,40,37.2,24.9,12.3,39.6,93.9,77,1,Yes,83,93.9,9,1,1.9,Completed,Feb-2026,6,0
900,BAT202602-23,ASS0225,Experienced,Payment Posting,River Health,TR004,OJT,Hybrid,2026-02-08 00:00:00,2026-02-21 00:00:00,15,14,120,107.4,90.5,16.9,122.2,87.9,88,1,Yes,87,82.8,7,0,1.7,Completed,Feb-2026,6,0
901,BAT202607-23,ASS0226,Fresher,AR,Client Gamma,TR007,Generic Training,Classroom,2026-07-02 00:00:00,2026-07-06 00:00:00,5,5,40,34.9,22,12.9,38.9,89.7,76,1,Yes,77.3,80.1,1,0,0.2,Completed,Jul-2026,27,0
902,BAT202607-23,ASS0226,Fresher,AR,Client Gamma,TR007,CST,Classroom,2026-07-07 00:00:00,2026-07-10 00:00:00,4,4,32,32,24.8,7.2,31.8,100.6,88,1,Yes,83.3,71.3,1,0,0.2,Completed,Jul-2026,28,0
903,BAT202607-23,ASS0226,Fresher,AR,Client Gamma,TR007,LAW,Virtual,2026-07-11 00:00:00,2026-07-20 00:00:00,10,10,80,71,44.4,26.6,75.7,93.8,77,1,Yes,87.3,84.7,8,0,1.9,Completed,Jul-2026,28,0
904,BAT202607-23,ASS0226,Fresher,AR,Client Gamma,TR007,OJT,Classroom,2026-07-21 00:00:00,2026-08-14 00:00:00,25,25,200,185.3,133.5,51.8,206.7,89.6,87,1,Yes,90,71.9,3,1,1.3,Completed,Jul-2026,30,0
905,BAT202605-23,ASS0227,Fresher,CBR,River Health,TR006,Generic Training,Virtual,2026-05-27 00:00:00,2026-06-04 00:00:00,8,9,64,60.8,49.8,11,62.8,96.8,90,1,Yes,88.8,82.6,2,1,2,Completed,May-2026,22,1
906,BAT202606-23,ASS0227,Fresher,CBR,River Health,TR006,CST,Classroom,2026-06-05 00:00:00,2026-06-09 00:00:00,5,5,40,37.6,20.9,16.7,39,96.4,76,1,Yes,80,87.9,2,1,1.8,Completed,Jun-2026,23,0
907,BAT202606-23,ASS0227,Fresher,CBR,River Health,TR006,LAW,Floor,2026-06-10 00:00:00,2026-06-19 00:00:00,10,10,80,72.8,50.6,22.2,81.1,89.8,67,3,No,95.1,75.7,4,2,6.6,Completed,Jun-2026,24,0
908,BAT202606-23,ASS0227,Fresher,CBR,River Health,TR006,OJT,Floor,2026-06-20 00:00:00,2026-07-14 00:00:00,25,25,200,194.3,137.9,56.4,189.1,102.7,100,1,Yes,78,81.9,4,2,1.1,Completed,Jun-2026,25,0
909,BAT202602-23,ASS0228,Fresher,AR,Client Delta,TR008,Generic Training,Virtual,2026-02-24 00:00:00,2026-03-02 00:00:00,7,7,56,56,43,13,59.8,93.6,68,2,No,88.6,81.6,0,2,6.6,Completed,Feb-2026,9,0
910,BAT202603-23,ASS0228,Fresher,AR,Client Delta,TR008,CST,Floor,2026-03-03 00:00:00,2026-03-07 00:00:00,5,5,40,40,36.4,3.6,40,100,76,1,Yes,91,80.7,2,1,1.8,Completed,Mar-2026,10,0
911,BAT202603-23,ASS0228,Fresher,AR,Client Delta,TR008,LAW,Floor,2026-03-08 00:00:00,2026-03-17 00:00:00,10,10,80,77.3,53.6,23.7,79.8,96.9,94,1,Yes,83.7,85.9,5,1,1.4,Completed,Mar-2026,10,0
912,BAT202603-23,ASS0228,Fresher,AR,Client Delta,TR008,OJT,Hybrid,2026-03-18 00:00:00,2026-04-11 00:00:00,25,25,200,199.9,160.9,39,187.9,106.4,78,1,Yes,78,91.6,0,1,1.3,Completed,Mar-2026,12,0
913,BAT202601-23,ASS0229,Experienced,Payment Posting,Client Gamma,TR007,Generic Training,Classroom,2026-01-11 00:00:00,2026-01-13 00:00:00,4,3,32,31.2,25.4,5.8,33.9,92,84,1,Yes,88.8,78.6,2,0,0.7,Completed,Jan-2026,2,0
914,BAT202601-23,ASS0229,Experienced,Payment Posting,Client Gamma,TR007,CST,Hybrid,2026-01-14 00:00:00,2026-01-14 00:00:00,2,1,16,16,13.8,2.2,15,106.7,95,1,Yes,82.3,100,1,0,2,Completed,Jan-2026,3,0
915,BAT202601-23,ASS0229,Experienced,Payment Posting,Client Gamma,TR007,LAW,Floor,2026-01-15 00:00:00,2026-01-17 00:00:00,5,3,40,40,35.4,4.6,40,100,90,3,No,76.2,79.9,7,1,4.4,Completed,Jan-2026,3,0
916,BAT202601-23,ASS0229,Experienced,Payment Posting,Client Gamma,TR007,OJT,Floor,2026-01-18 00:00:00,2026-02-01 00:00:00,15,15,120,116.8,74.1,42.7,126.6,92.3,77,1,Yes,87.6,81.9,2,2,0.4,Completed,Jan-2026,3,0
917,BAT202602-23,ASS0230,Fresher,Payment Posting,Client Delta,TR004,Generic Training,Virtual,2026-02-09 00:00:00,2026-02-15 00:00:00,7,7,56,46,30,16,55.1,83.5,57,3,No,76.9,87,3,4,3,Extended,Feb-2026,7,0
918,BAT202602-23,ASS0230,Fresher,Payment Posting,Client Delta,TR004,CST,Virtual,2026-02-16 00:00:00,2026-02-19 00:00:00,5,4,40,37.3,26.5,10.8,42.7,87.4,83,1,Yes,78,71.1,3,1,1.9,Completed,Feb-2026,8,0
919,BAT202602-23,ASS0230,Fresher,Payment Posting,Client Delta,TR004,LAW,Virtual,2026-02-20 00:00:00,2026-03-01 00:00:00,10,10,80,72.1,48,24.1,79.5,90.7,94,1,Yes,83.3,93.3,9,0,1.5,Completed,Feb-2026,8,0
920,BAT202603-23,ASS0230,Fresher,Payment Posting,Client Delta,TR004,OJT,Virtual,2026-03-02 00:00:00,2026-03-26 00:00:00,25,25,200,177.8,139.3,38.5,214,83.1,80,1,Yes,100,87.5,6,1,1.4,Extended,Mar-2026,10,0
921,BAT202604-24,ASS0231,Fresher,Payment Posting,Revere Health,TR007,Generic Training,Hybrid,2026-04-01 00:00:00,2026-04-07 00:00:00,7,7,56,49.5,32.5,17,51.7,95.7,78,1,Yes,82.1,100,0,1,1.6,Completed,Apr-2026,14,0
922,BAT202604-24,ASS0231,Fresher,Payment Posting,Revere Health,TR007,CST,Floor,2026-04-08 00:00:00,2026-04-11 00:00:00,4,4,32,26.6,18.6,8,33.7,78.9,85,1,Yes,82.3,70.5,1,0,1.8,Completed,Apr-2026,15,0
923,BAT202604-24,ASS0231,Fresher,Payment Posting,Revere Health,TR007,LAW,Hybrid,2026-04-12 00:00:00,2026-04-23 00:00:00,10,12,80,76.7,65.2,11.5,74.2,103.4,87,1,Yes,77.9,82.3,7,1,1.9,Completed,Apr-2026,15,1
924,BAT202604-24,ASS0231,Fresher,Payment Posting,Revere Health,TR007,OJT,Classroom,2026-04-24 00:00:00,2026-05-20 00:00:00,25,27,200,191.9,149.5,42.4,190.6,100.7,80,1,Yes,92,95,4,3,0.3,Completed,Apr-2026,17,1
925,BAT202607-24,ASS0232,Fresher,Charge Entry,River Health,TR004,Generic Training,Hybrid,2026-07-27 00:00:00,2026-08-02 00:00:00,7,7,56,51.6,42.1,9.5,57.5,89.7,87,1,Yes,91.8,88.4,0,2,1.3,Completed,Jul-2026,31,0
926,BAT202608-24,ASS0232,Fresher,Charge Entry,River Health,TR004,CST,Hybrid,2026-08-03 00:00:00,2026-08-06 00:00:00,4,4,32,27.8,18.5,9.3,29.6,93.9,98,2,No,84,72.2,2,5,3.4,Completed,Aug-2026,32,0
927,BAT202608-24,ASS0232,Fresher,Charge Entry,River Health,TR004,LAW,Hybrid,2026-08-07 00:00:00,2026-08-16 00:00:00,10,10,80,79.1,56.2,22.9,82.8,95.5,76,1,Yes,86.6,86.6,16,1,1.5,Completed,Aug-2026,32,0
928,BAT202608-24,ASS0232,Fresher,Charge Entry,River Health,TR004,OJT,Hybrid,2026-08-17 00:00:00,2026-09-10 00:00:00,25,25,200,187,118.1,68.9,202.1,92.5,77,3,No,85.7,79.1,6,0,4.3,Completed,Aug-2026,34,0
929,BAT202603-24,ASS0233,Fresher,AR,Client Gamma,TR001,Generic Training,Floor,2026-03-03 00:00:00,2026-03-07 00:00:00,5,5,40,35.8,25.7,10.1,36.8,97.3,91,1,Yes,76.6,82.2,2,0,1.2,Completed,Mar-2026,10,0
930,BAT202603-24,ASS0233,Fresher,AR,Client Gamma,TR001,CST,Classroom,2026-03-08 00:00:00,2026-03-13 00:00:00,5,6,40,33.7,20.4,13.3,38.7,87.1,78,1,Yes,78.6,75,3,2,0.1,Completed,Mar-2026,10,1
931,BAT202603-24,ASS0233,Fresher,AR,Client Gamma,TR001,LAW,Classroom,2026-03-14 00:00:00,2026-03-23 00:00:00,10,10,80,80,59.3,20.7,83.8,95.5,79,1,Yes,78.2,76.4,6,2,1.5,Completed,Mar-2026,11,0
932,BAT202603-24,ASS0233,Fresher,AR,Client Gamma,TR001,OJT,Virtual,2026-03-24 00:00:00,2026-04-16 00:00:00,25,24,200,195.5,142.6,52.9,202.2,96.7,84,1,Yes,92.6,77.9,6,0,1.3,Completed,Mar-2026,13,0
933,BAT202604-24,ASS0234,Fresher,BRCM,Client Alpha,TR001,Generic Training,Hybrid,2026-04-08 00:00:00,2026-04-14 00:00:00,7,7,56,56,40.8,15.2,59.2,94.6,74,1,Yes,81.7,81.9,1,2,0.9,Completed,Apr-2026,15,0
934,BAT202604-24,ASS0234,Fresher,BRCM,Client Alpha,TR001,CST,Hybrid,2026-04-15 00:00:00,2026-04-17 00:00:00,3,3,24,23.4,14.4,9,24,97.5,84,1,Yes,93.2,78.7,1,1,0.4,Completed,Apr-2026,16,0
935,BAT202604-24,ASS0234,Fresher,BRCM,Client Alpha,TR001,LAW,Classroom,2026-04-18 00:00:00,2026-04-27 00:00:00,10,10,80,75.8,55.4,20.4,77.9,97.3,59,3,No,85.1,72,4,4,7.3,Completed,Apr-2026,16,0
936,BAT202604-24,ASS0234,Fresher,BRCM,Client Alpha,TR001,OJT,Hybrid,2026-04-28 00:00:00,2026-05-22 00:00:00,25,25,200,200,112.6,87.4,209,95.7,65,2,No,85.2,85.5,3,2,8,Completed,Apr-2026,18,0
937,BAT202607-24,ASS0235,Fresher,AUTH,Client Gamma,TR002,Generic Training,Floor,2026-07-20 00:00:00,2026-07-24 00:00:00,5,5,40,40,21,19,39.2,102,83,1,Yes,92.7,86,1,0,1.9,Extended,Jul-2026,30,0
938,BAT202607-24,ASS0235,Fresher,AUTH,Client Gamma,TR002,CST,Classroom,2026-07-25 00:00:00,2026-07-29 00:00:00,5,5,40,32.6,16.4,16.2,36.8,88.6,77,1,Yes,80.1,78.4,1,2,1.9,Completed,Jul-2026,30,0
939,BAT202607-24,ASS0235,Fresher,AUTH,Client Gamma,TR002,LAW,Classroom,2026-07-30 00:00:00,2026-08-08 00:00:00,10,10,80,70.5,55.2,15.3,79.1,89.1,83,1,Yes,81.6,89.7,6,0,0.9,Completed,Jul-2026,31,0
940,BAT202608-24,ASS0235,Fresher,AUTH,Client Gamma,TR002,OJT,Floor,2026-08-09 00:00:00,2026-09-02 00:00:00,25,25,200,196.8,131.3,65.5,215.3,91.4,80,1,Yes,82.9,67.1,5,2,1.8,Completed,Aug-2026,32,0
941,BAT202608-24,ASS0236,Experienced,AUTH,Client Alpha,TR001,Generic Training,Hybrid,2026-08-18 00:00:00,2026-08-21 00:00:00,4,4,32,29.4,22.4,7,29.7,99,72,1,Yes,94.1,69.8,1,0,0.5,Completed,Aug-2026,34,0
942,BAT202608-24,ASS0236,Experienced,AUTH,Client Alpha,TR001,CST,Classroom,2026-08-22 00:00:00,2026-08-24 00:00:00,3,3,24,23.8,14.6,9.2,25.3,94.1,76,1,Yes,76.9,69.6,3,1,0.4,Completed,Aug-2026,34,0
943,BAT202608-24,ASS0236,Experienced,AUTH,Client Alpha,TR001,LAW,Floor,2026-08-25 00:00:00,2026-08-29 00:00:00,5,5,40,37.8,35.2,2.6,37.9,99.7,90,3,No,76.7,90.5,2,3,6.7,Completed,Aug-2026,35,0
944,BAT202608-24,ASS0236,Experienced,AUTH,Client Alpha,TR001,OJT,Floor,2026-08-30 00:00:00,2026-09-13 00:00:00,15,15,120,120,96.9,23.1,114.1,105.2,75,1,Yes,79,76.2,6,0,0.8,Completed,Aug-2026,35,0
945,BAT202601-24,ASS0237,Fresher,Payment Posting,Client Gamma,TR006,Generic Training,Virtual,2026-01-28 00:00:00,2026-02-01 00:00:00,5,5,40,38.2,27.9,10.3,42.3,90.3,71,1,Yes,88.1,100,1,3,0,Completed,Jan-2026,5,0
946,BAT202602-24,ASS0237,Fresher,Payment Posting,Client Gamma,TR006,CST,Floor,2026-02-02 00:00:00,2026-02-05 00:00:00,4,4,32,29.7,26.3,3.4,32.2,92.2,95,1,Yes,85.6,81.4,5,0,1.9,Completed,Feb-2026,6,0
947,BAT202602-24,ASS0237,Fresher,Payment Posting,Client Gamma,TR006,LAW,Floor,2026-02-06 00:00:00,2026-02-15 00:00:00,10,10,80,78.5,45.3,33.2,77.5,101.3,50,2,No,87.7,86.4,9,3,5.6,Completed,Feb-2026,6,0
948,BAT202602-24,ASS0237,Fresher,Payment Posting,Client Gamma,TR006,OJT,Hybrid,2026-02-16 00:00:00,2026-03-12 00:00:00,25,25,200,200,176.6,23.4,194.5,102.8,96,1,Yes,79.2,59.6,8,1,0.5,Completed,Feb-2026,8,0
949,BAT202601-24,ASS0238,Fresher,AR,Revere Health,TR003,Generic Training,Floor,2026-01-29 00:00:00,2026-02-05 00:00:00,8,8,64,60.1,28.4,31.7,68.1,88.3,100,1,Yes,88.3,69.3,2,4,0.1,Completed,Jan-2026,5,0
950,BAT202602-24,ASS0238,Fresher,AR,Revere Health,TR003,CST,Virtual,2026-02-06 00:00:00,2026-02-08 00:00:00,3,3,24,20,14.3,5.7,23.6,84.7,84,1,Yes,100,85.1,4,0,1.5,Completed,Feb-2026,6,0
951,BAT202602-24,ASS0238,Fresher,AR,Revere Health,TR003,LAW,Floor,2026-02-09 00:00:00,2026-02-18 00:00:00,10,10,80,76.1,68.9,7.2,75.1,101.3,86,1,Yes,66.7,74.3,6,1,0.1,Completed,Feb-2026,7,0
952,BAT202602-24,ASS0238,Fresher,AR,Revere Health,TR003,OJT,Floor,2026-02-19 00:00:00,2026-03-15 00:00:00,25,25,200,190.8,148.9,41.9,184.6,103.4,89,1,Yes,82.9,90.9,4,1,0.4,Completed,Feb-2026,8,0
953,BAT202607-24,ASS0239,Experienced,Payment Posting,Client Gamma,TR005,Generic Training,Hybrid,2026-07-09 00:00:00,2026-07-12 00:00:00,4,4,32,29.7,23.2,6.5,32.9,90.3,81,1,Yes,97.2,82.2,2,1,1.1,Completed,Jul-2026,28,0
954,BAT202607-24,ASS0239,Experienced,Payment Posting,Client Gamma,TR005,CST,Classroom,2026-07-13 00:00:00,2026-07-16 00:00:00,2,4,16,15.7,9.9,5.8,14.7,106.8,77,1,Yes,77.2,78.4,6,0,0.8,Completed,Jul-2026,29,1
955,BAT202607-24,ASS0239,Experienced,Payment Posting,Client Gamma,TR005,LAW,Classroom,2026-07-17 00:00:00,2026-07-21 00:00:00,5,5,40,37.7,24.4,13.3,37.9,99.5,90,1,Yes,80.7,91.9,11,0,0.7,Completed,Jul-2026,29,0
956,BAT202607-24,ASS0239,Experienced,Payment Posting,Client Gamma,TR005,OJT,Classroom,2026-07-22 00:00:00,2026-08-05 00:00:00,15,15,120,119.4,95.3,24.1,112.6,106,90,1,Yes,91.5,100,5,1,1.3,Completed,Jul-2026,30,0
957,BAT202603-24,ASS0240,Experienced,Charge Entry,Client Delta,TR003,Generic Training,Classroom,2026-03-10 00:00:00,2026-03-13 00:00:00,4,4,32,26.6,17.3,9.3,30.6,86.9,89,1,Yes,89.2,72.5,2,2,0.7,Completed,Mar-2026,11,0
958,BAT202603-24,ASS0240,Experienced,Charge Entry,Client Delta,TR003,CST,Hybrid,2026-03-14 00:00:00,2026-03-15 00:00:00,2,2,16,15.1,10.6,4.5,15.6,96.8,82,1,Yes,93.3,73.8,3,0,0.2,Completed,Mar-2026,11,0
959,BAT202603-24,ASS0240,Experienced,Charge Entry,Client Delta,TR003,LAW,Floor,2026-03-16 00:00:00,2026-03-20 00:00:00,5,5,40,40,19.2,20.8,38.5,103.9,74,1,Yes,81.9,98.2,13,2,1.6,Completed,Mar-2026,12,0
960,BAT202603-24,ASS0240,Experienced,Charge Entry,Client Delta,TR003,OJT,Floor,2026-03-21 00:00:00,2026-04-04 00:00:00,15,15,120,93.4,70.6,22.8,125,74.7,87,1,Yes,85,73.4,8,0,1,Extended,Mar-2026,12,0
961,BAT202608-25,ASS0241,Experienced,EVBV,Client Alpha,TR001,Generic Training,Classroom,2026-08-11 00:00:00,2026-08-14 00:00:00,4,4,32,31.1,20,11.1,31.6,98.4,76,1,Yes,77.4,99.1,1,0,0.3,Completed,Aug-2026,33,0
962,BAT202608-25,ASS0241,Experienced,EVBV,Client Alpha,TR001,CST,Classroom,2026-08-15 00:00:00,2026-08-17 00:00:00,3,3,24,22.4,17.7,4.7,24.7,90.7,79,1,Yes,86.6,85.7,1,1,0.3,Completed,Aug-2026,33,0
963,BAT202608-25,ASS0241,Experienced,EVBV,Client Alpha,TR001,LAW,Hybrid,2026-08-18 00:00:00,2026-08-20 00:00:00,5,3,40,36.9,25.8,11.1,38.8,95.1,78,1,Yes,87.9,75.2,8,0,1,Completed,Aug-2026,34,0
964,BAT202608-25,ASS0241,Experienced,EVBV,Client Alpha,TR001,OJT,Classroom,2026-08-21 00:00:00,2026-09-04 00:00:00,15,15,120,111.5,60.2,51.3,119.4,93.4,99,1,Yes,80.4,100,8,2,0.3,Completed,Aug-2026,34,0
965,BAT202601-25,ASS0242,Fresher,CBR,Client Alpha,TR005,Generic Training,Floor,2026-01-29 00:00:00,2026-02-03 00:00:00,6,6,48,47.2,30.9,16.3,47.4,99.6,82,1,Yes,79.2,82.1,4,2,1.8,Completed,Jan-2026,5,0
966,BAT202602-25,ASS0242,Fresher,CBR,Client Alpha,TR005,CST,Floor,2026-02-04 00:00:00,2026-02-06 00:00:00,4,3,32,28.6,17.4,11.2,31.1,92,71,1,Yes,89.8,92.3,4,1,0.7,Completed,Feb-2026,6,0
967,BAT202602-25,ASS0242,Fresher,CBR,Client Alpha,TR005,LAW,Classroom,2026-02-07 00:00:00,2026-02-16 00:00:00,10,10,80,80,66.4,13.6,75.9,105.4,87,1,Yes,78.5,91.6,4,1,1.6,Completed,Feb-2026,6,0
968,BAT202602-25,ASS0242,Fresher,CBR,Client Alpha,TR005,OJT,Floor,2026-02-17 00:00:00,2026-03-13 00:00:00,25,25,200,173.3,159,14.3,192.3,90.1,81,1,Yes,91.7,83.7,4,0,0.9,Completed,Feb-2026,8,0
969,BAT202606-25,ASS0243,Experienced,Payment Posting,River Health,TR006,Generic Training,Floor,2026-06-29 00:00:00,2026-07-01 00:00:00,3,3,24,20.8,18.4,2.4,22.2,93.7,100,1,Yes,95.8,67.5,4,0,1.8,Completed,Jun-2026,27,0
970,BAT202607-25,ASS0243,Experienced,Payment Posting,River Health,TR006,CST,Floor,2026-07-02 00:00:00,2026-07-04 00:00:00,3,3,24,22.3,11.6,10.7,22.2,100.5,67,3,No,86,86.8,1,0,5.6,Completed,Jul-2026,27,0
971,BAT202607-25,ASS0243,Experienced,Payment Posting,River Health,TR006,LAW,Classroom,2026-07-05 00:00:00,2026-07-09 00:00:00,5,5,40,34.9,30.3,4.6,39,89.5,83,1,Yes,97.1,80.5,8,1,1.5,Completed,Jul-2026,27,0
972,BAT202607-25,ASS0243,Experienced,Payment Posting,River Health,TR006,OJT,Floor,2026-07-10 00:00:00,2026-07-24 00:00:00,15,15,120,108.4,84,24.4,116.7,92.9,78,1,Yes,90.1,92.7,3,2,0,Extended,Jul-2026,28,0
973,BAT202607-25,ASS0244,Fresher,EVBV,Client Gamma,TR008,Generic Training,Classroom,2026-07-19 00:00:00,2026-07-25 00:00:00,7,7,56,54.4,33.7,20.7,53.5,101.7,70,1,Yes,83.6,71.5,0,3,1.7,Completed,Jul-2026,29,0
974,BAT202607-25,ASS0244,Fresher,EVBV,Client Gamma,TR008,CST,Floor,2026-07-26 00:00:00,2026-07-28 00:00:00,3,3,24,22.7,19.6,3.1,23.4,97,65,3,No,86.5,93.1,1,2,6.9,Completed,Jul-2026,30,0
975,BAT202607-25,ASS0244,Fresher,EVBV,Client Gamma,TR008,LAW,Floor,2026-07-29 00:00:00,2026-08-07 00:00:00,10,10,80,70.7,44.5,26.2,80.5,87.8,91,1,Yes,82.4,84.7,12,1,1.7,Completed,Jul-2026,31,0
976,BAT202608-25,ASS0244,Fresher,EVBV,Client Gamma,TR008,OJT,Virtual,2026-08-08 00:00:00,2026-09-01 00:00:00,25,25,200,185.8,127.7,58.1,184.1,100.9,83,1,Yes,79.2,96.1,5,2,2,Extended,Aug-2026,32,0
977,BAT202603-25,ASS0245,Experienced,Charge Entry,Client Delta,TR008,Generic Training,Classroom,2026-03-03 00:00:00,2026-03-05 00:00:00,3,3,24,21.6,14.8,6.8,24.2,89.3,87,1,Yes,97.6,88.3,3,2,0.9,Completed,Mar-2026,10,0
978,BAT202603-25,ASS0245,Experienced,Charge Entry,Client Delta,TR008,CST,Hybrid,2026-03-06 00:00:00,2026-03-07 00:00:00,3,2,24,20.9,15.4,5.5,25.4,82.3,92,1,Yes,71.6,84.5,1,2,0.5,Completed,Mar-2026,10,0
979,BAT202603-25,ASS0245,Experienced,Charge Entry,Client Delta,TR008,LAW,Classroom,2026-03-08 00:00:00,2026-03-14 00:00:00,5,7,40,35,21,14,42.7,82,80,1,Yes,86,80,11,2,0.7,Completed,Mar-2026,10,1
980,BAT202603-25,ASS0245,Experienced,Charge Entry,Client Delta,TR008,OJT,Floor,2026-03-15 00:00:00,2026-03-27 00:00:00,15,13,120,106.1,83.5,22.6,118.4,89.6,77,1,Yes,78,80.3,9,0,1.4,Completed,Mar-2026,11,0
981,BAT202603-25,ASS0246,Experienced,Charge Entry,Client Alpha,TR006,Generic Training,Classroom,2026-03-20 00:00:00,2026-03-23 00:00:00,3,4,24,22.1,17.5,4.6,25.6,86.3,94,1,Yes,82.9,89.8,2,1,1.7,Completed,Mar-2026,12,1
982,BAT202603-25,ASS0246,Experienced,Charge Entry,Client Alpha,TR006,CST,Classroom,2026-03-24 00:00:00,2026-03-26 00:00:00,3,3,24,22.7,12.8,9.9,22.6,100.4,90,1,Yes,81.1,73.9,2,4,1.4,Completed,Mar-2026,13,0
983,BAT202603-25,ASS0246,Experienced,Charge Entry,Client Alpha,TR006,LAW,Hybrid,2026-03-27 00:00:00,2026-03-31 00:00:00,5,5,40,35.2,26.6,8.6,38.3,91.9,59,3,No,92.8,69.1,8,4,6.7,Completed,Mar-2026,13,0
984,BAT202604-25,ASS0246,Experienced,Charge Entry,Client Alpha,TR006,OJT,Classroom,2026-04-01 00:00:00,2026-04-15 00:00:00,15,15,120,119.9,83.4,36.5,125.6,95.5,96,1,Yes,75.3,76,5,1,1.3,Completed,Apr-2026,14,0
985,BAT202603-25,ASS0247,Fresher,EVBV,Client Beta,TR004,Generic Training,Floor,2026-03-19 00:00:00,2026-03-22 00:00:00,5,4,40,31.1,20.8,10.3,40.7,76.4,91,1,Yes,96.7,75.4,1,1,1.8,Extended,Mar-2026,12,0
986,BAT202603-25,ASS0247,Fresher,EVBV,Client Beta,TR004,CST,Hybrid,2026-03-23 00:00:00,2026-03-26 00:00:00,3,4,24,21.4,11.4,10,25.7,83.3,81,1,Yes,88.9,76.9,1,1,1.2,Extended,Mar-2026,13,1
987,BAT202603-25,ASS0247,Fresher,EVBV,Client Beta,TR004,LAW,Hybrid,2026-03-27 00:00:00,2026-04-05 00:00:00,10,10,80,73.5,42.9,30.6,80.8,91,76,1,Yes,87.7,76.5,5,1,1.1,Completed,Mar-2026,13,0
988,BAT202604-25,ASS0247,Fresher,EVBV,Client Beta,TR004,OJT,Classroom,2026-04-06 00:00:00,2026-04-30 00:00:00,25,25,200,190.1,127.5,62.6,203.1,93.6,95,1,Yes,97.4,84,6,3,1,Completed,Apr-2026,15,0
989,BAT202602-25,ASS0248,Experienced,CBR,Client Gamma,TR006,Generic Training,Virtual,2026-02-08 00:00:00,2026-02-10 00:00:00,3,3,24,24,17,7,24.7,97.2,69,2,No,74.1,99,2,2,7.2,Completed,Feb-2026,6,0
990,BAT202602-25,ASS0248,Experienced,CBR,Client Gamma,TR006,CST,Hybrid,2026-02-11 00:00:00,2026-02-12 00:00:00,2,2,16,14.9,11.7,3.2,15.6,95.5,84,1,Yes,82.6,78.3,1,3,1.1,Completed,Feb-2026,7,0
991,BAT202602-25,ASS0248,Experienced,CBR,Client Gamma,TR006,LAW,Floor,2026-02-13 00:00:00,2026-02-17 00:00:00,5,5,40,39.1,22.5,16.6,42.4,92.2,73,1,Yes,80.7,89.4,7,1,1.8,Completed,Feb-2026,7,0
992,BAT202602-25,ASS0248,Experienced,CBR,Client Gamma,TR006,OJT,Floor,2026-02-18 00:00:00,2026-03-03 00:00:00,15,14,120,111.3,96.4,14.9,124.9,89.1,77,1,Yes,85.2,79.3,7,1,0.2,Completed,Feb-2026,8,0
993,BAT202603-25,ASS0249,Fresher,BRCM,Client Delta,TR003,Generic Training,Classroom,2026-03-14 00:00:00,2026-03-20 00:00:00,7,7,56,56,41.8,14.2,56.7,98.8,71,1,Yes,89.7,75.4,1,1,1.9,Completed,Mar-2026,11,0
994,BAT202603-25,ASS0249,Fresher,BRCM,Client Delta,TR003,CST,Hybrid,2026-03-21 00:00:00,2026-03-25 00:00:00,5,5,40,38,31.7,6.3,38.6,98.4,84,1,Yes,82,72.9,5,0,0.7,Completed,Mar-2026,12,0
995,BAT202603-25,ASS0249,Fresher,BRCM,Client Delta,TR003,LAW,Hybrid,2026-03-26 00:00:00,2026-04-04 00:00:00,10,10,80,76.1,48.9,27.2,79.6,95.6,80,2,No,77.4,91.3,6,3,2.2,Completed,Mar-2026,13,0
996,BAT202604-25,ASS0249,Fresher,BRCM,Client Delta,TR003,OJT,Virtual,2026-04-05 00:00:00,2026-04-29 00:00:00,25,25,200,188.9,120.8,68.1,200.7,94.1,89,3,No,88.5,97.1,2,1,2.1,Completed,Apr-2026,14,0
997,BAT202608-25,ASS0250,Experienced,CBR,Client Alpha,TR008,Generic Training,Virtual,2026-08-25 00:00:00,2026-08-27 00:00:00,3,3,24,23.1,17.5,5.6,25,92.4,82,2,No,82.9,69.5,4,1,7.6,Completed,Aug-2026,35,0
998,BAT202608-25,ASS0250,Experienced,CBR,Client Alpha,TR008,CST,Hybrid,2026-08-28 00:00:00,2026-08-29 00:00:00,2,2,16,15.1,9.5,5.6,15.7,96.2,85,1,Yes,88,73.6,0,1,1.9,Completed,Aug-2026,35,0
999,BAT202608-25,ASS0250,Experienced,CBR,Client Alpha,TR008,LAW,Classroom,2026-08-30 00:00:00,2026-09-03 00:00:00,5,5,40,39.5,32.7,6.8,40.2,98.3,82,1,Yes,77.1,86.2,11,0,1.8,Completed,Aug-2026,35,0
1000,BAT202609-25,ASS0250,Experienced,CBR,Client Alpha,TR008,OJT,Floor,2026-09-04 00:00:00,2026-09-18 00:00:00,15,15,120,110.5,94.5,16,122.3,90.4,81,1,Yes,78.3,78.4,6,0,1.9,Completed,Sep-2026,36,0
1001,BAT202608-26,ASS0251,Fresher,BRCM,Client Alpha,TR008,Generic Training,Hybrid,2026-08-16 00:00:00,2026-08-20 00:00:00,5,5,40,36.6,21.5,15.1,42.6,85.9,69,3,No,75.7,100,2,1,6.6,Completed,Aug-2026,33,0
1002,BAT202608-26,ASS0251,Fresher,BRCM,Client Alpha,TR008,CST,Hybrid,2026-08-21 00:00:00,2026-08-25 00:00:00,4,5,32,31,19.4,11.6,32.7,94.8,99,1,Yes,91.8,80.8,2,1,0.9,Completed,Aug-2026,34,1
1003,BAT202608-26,ASS0251,Fresher,BRCM,Client Alpha,TR008,LAW,Hybrid,2026-08-26 00:00:00,2026-09-04 00:00:00,10,10,80,78.8,51.4,27.4,73.8,106.8,71,1,Yes,91.6,71.8,9,1,0.4,Completed,Aug-2026,35,0
1004,BAT202609-26,ASS0251,Fresher,BRCM,Client Alpha,TR008,OJT,Classroom,2026-09-05 00:00:00,2026-09-27 00:00:00,25,23,200,185.6,135.2,50.4,209.2,88.7,79,1,Yes,87,91.9,1,2,1.3,Completed,Sep-2026,36,0
1005,BAT202607-26,ASS0252,Fresher,Billing,Client Gamma,TR003,Generic Training,Hybrid,2026-07-06 00:00:00,2026-07-10 00:00:00,5,5,40,40,32.5,7.5,39.4,101.5,86,1,Yes,99.7,83.5,1,0,0.1,Completed,Jul-2026,28,0
1006,BAT202607-26,ASS0252,Fresher,Billing,Client Gamma,TR003,CST,Hybrid,2026-07-11 00:00:00,2026-07-14 00:00:00,4,4,32,30.7,25.7,5,33.3,92.2,100,1,Yes,83.7,74.1,1,3,2,Completed,Jul-2026,28,0
1007,BAT202607-26,ASS0252,Fresher,Billing,Client Gamma,TR003,LAW,Classroom,2026-07-15 00:00:00,2026-07-24 00:00:00,10,10,80,71.9,45,26.9,78.4,91.7,87,1,Yes,95.7,80.5,13,0,1.8,Completed,Jul-2026,29,0
1008,BAT202607-26,ASS0252,Fresher,Billing,Client Gamma,TR003,OJT,Classroom,2026-07-25 00:00:00,2026-08-18 00:00:00,25,25,200,192.4,144.5,47.9,198.6,96.9,80,1,Yes,89.2,76.7,7,0,1.6,Completed,Jul-2026,30,0
1009,BAT202602-26,ASS0253,Fresher,CBR,Client Beta,TR007,Generic Training,Classroom,2026-02-12 00:00:00,2026-02-17 00:00:00,6,6,48,45.8,26.8,19,49.6,92.3,70,1,Yes,99.4,91.3,1,1,1.7,Completed,Feb-2026,7,0
1010,BAT202602-26,ASS0253,Fresher,CBR,Client Beta,TR007,CST,Hybrid,2026-02-18 00:00:00,2026-02-21 00:00:00,4,4,32,27.3,23.7,3.6,31.9,85.6,64,2,No,82.9,75.8,5,2,7.9,Completed,Feb-2026,8,0
1011,BAT202602-26,ASS0253,Fresher,CBR,Client Beta,TR007,LAW,Virtual,2026-02-22 00:00:00,2026-03-03 00:00:00,10,10,80,70.8,48.1,22.7,86,82.3,96,1,Yes,97.8,64.8,6,0,1.4,Completed,Feb-2026,8,0
1012,BAT202603-26,ASS0253,Fresher,CBR,Client Beta,TR007,OJT,Hybrid,2026-03-04 00:00:00,2026-03-28 00:00:00,25,25,200,200,152,48,202.4,98.8,73,1,Yes,79.8,84.5,8,0,1.2,Completed,Mar-2026,10,0
1013,BAT202604-26,ASS0254,Fresher,EVBV,Client Alpha,TR004,Generic Training,Floor,2026-04-13 00:00:00,2026-04-17 00:00:00,5,5,40,34.5,26.5,8,41.5,83.1,76,1,Yes,98.2,81,4,0,0,Completed,Apr-2026,16,0
1014,BAT202604-26,ASS0254,Fresher,EVBV,Client Alpha,TR004,CST,Floor,2026-04-18 00:00:00,2026-04-24 00:00:00,5,7,40,39.9,23.7,16.2,38.8,102.8,85,1,Yes,78.1,85.2,0,0,1,Completed,Apr-2026,16,1
1015,BAT202604-26,ASS0254,Fresher,EVBV,Client Alpha,TR004,LAW,Classroom,2026-04-25 00:00:00,2026-05-04 00:00:00,10,10,80,67.9,44.2,23.7,75.4,90.1,77,2,No,76.8,100,5,3,6.6,Completed,Apr-2026,17,0
1016,BAT202605-26,ASS0254,Fresher,EVBV,Client Alpha,TR004,OJT,Virtual,2026-05-05 00:00:00,2026-05-31 00:00:00,25,27,200,178.4,145,33.4,202.8,88,71,2,No,85.4,77.1,3,1,5.5,Completed,May-2026,19,1
1017,BAT202604-26,ASS0255,Fresher,Payment Posting,Client Beta,TR006,Generic Training,Classroom,2026-04-28 00:00:00,2026-05-02 00:00:00,5,5,40,36,28,8,42.6,84.5,77,1,Yes,78.3,80.1,5,1,2,Completed,Apr-2026,18,0
1018,BAT202605-26,ASS0255,Fresher,Payment Posting,Client Beta,TR006,CST,Classroom,2026-05-03 00:00:00,2026-05-06 00:00:00,4,4,32,30.9,19.9,11,29.6,104.4,91,2,No,96.7,84.7,2,3,2.5,Completed,May-2026,18,0
1019,BAT202605-26,ASS0255,Fresher,Payment Posting,Client Beta,TR006,LAW,Floor,2026-05-07 00:00:00,2026-05-16 00:00:00,10,10,80,71.4,55.3,16.1,79.2,90.2,81,1,Yes,82.9,91.1,13,0,1.5,Completed,May-2026,19,0
1020,BAT202605-26,ASS0255,Fresher,Payment Posting,Client Beta,TR006,OJT,Virtual,2026-05-17 00:00:00,2026-06-10 00:00:00,25,25,200,195.2,123.7,71.5,214.4,91,88,1,Yes,95.1,78.6,1,1,0.4,Completed,May-2026,20,0
1021,BAT202605-26,ASS0256,Fresher,EVBV,Client Delta,TR004,Generic Training,Hybrid,2026-05-23 00:00:00,2026-05-27 00:00:00,5,5,40,36.8,25.7,11.1,40.5,90.9,68,2,No,79.3,77.5,4,0,6.2,Completed,May-2026,21,0
1022,BAT202605-26,ASS0256,Fresher,EVBV,Client Delta,TR004,CST,Hybrid,2026-05-28 00:00:00,2026-05-30 00:00:00,3,3,24,23.1,14.6,8.5,22.1,104.5,83,1,Yes,85.7,75.5,1,0,1.2,Completed,May-2026,22,0
1023,BAT202605-26,ASS0256,Fresher,EVBV,Client Delta,TR004,LAW,Classroom,2026-05-31 00:00:00,2026-06-09 00:00:00,10,10,80,78.5,61.9,16.6,83.2,94.4,90,1,Yes,83.5,71,8,0,0.3,Completed,May-2026,22,0
1024,BAT202606-26,ASS0256,Fresher,EVBV,Client Delta,TR004,OJT,Floor,2026-06-10 00:00:00,2026-07-03 00:00:00,25,24,200,172.8,118.6,54.2,210.1,82.2,83,1,Yes,85.8,90.7,9,1,1.4,Completed,Jun-2026,24,0
1025,BAT202601-26,ASS0257,Experienced,AUTH,Client Beta,TR004,Generic Training,Hybrid,2026-01-20 00:00:00,2026-01-22 00:00:00,3,3,24,22.6,15.6,7,24.7,91.5,77,1,Yes,79.8,88.6,1,0,0.1,Completed,Jan-2026,4,0
1026,BAT202601-26,ASS0257,Experienced,AUTH,Client Beta,TR004,CST,Classroom,2026-01-23 00:00:00,2026-01-24 00:00:00,2,2,16,14.4,9.9,4.5,15.2,94.7,89,1,Yes,90.8,96.6,1,1,1.3,Completed,Jan-2026,4,0
1027,BAT202601-26,ASS0257,Experienced,AUTH,Client Beta,TR004,LAW,Floor,2026-01-25 00:00:00,2026-01-29 00:00:00,5,5,40,39.3,27,12.3,36.9,106.5,77,1,Yes,80.7,77.8,10,1,0.9,Completed,Jan-2026,4,0
1028,BAT202601-26,ASS0257,Experienced,AUTH,Client Beta,TR004,OJT,Hybrid,2026-01-30 00:00:00,2026-02-12 00:00:00,15,14,120,117.9,85.2,32.7,124.5,94.7,88,3,No,89.8,89.3,4,3,6.4,Extended,Jan-2026,5,0
1029,BAT202602-26,ASS0258,Experienced,Charge Entry,Revere Health,TR006,Generic Training,Floor,2026-02-14 00:00:00,2026-02-17 00:00:00,4,4,32,28.8,22,6.8,33.8,85.2,78,1,Yes,74.5,77.1,3,3,1.4,Completed,Feb-2026,7,0
1030,BAT202602-26,ASS0258,Experienced,Charge Entry,Revere Health,TR006,CST,Virtual,2026-02-18 00:00:00,2026-02-20 00:00:00,3,3,24,22,16.4,5.6,25.5,86.3,69,2,No,80.4,100,2,1,7,Completed,Feb-2026,8,0
1031,BAT202602-26,ASS0258,Experienced,Charge Entry,Revere Health,TR006,LAW,Floor,2026-02-21 00:00:00,2026-02-25 00:00:00,5,5,40,40,33.6,6.4,43,93,90,1,Yes,93.7,86.2,6,1,0.6,Completed,Feb-2026,8,0
1032,BAT202602-26,ASS0258,Experienced,Charge Entry,Revere Health,TR006,OJT,Hybrid,2026-02-26 00:00:00,2026-03-12 00:00:00,15,15,120,120,69.8,50.2,124.3,96.5,79,1,Yes,90.5,85.1,4,3,1.8,Completed,Feb-2026,9,0
1033,BAT202607-26,ASS0259,Fresher,Billing,Client Gamma,TR001,Generic Training,Hybrid,2026-07-12 00:00:00,2026-07-15 00:00:00,5,4,40,29.8,19.8,10,37.5,79.5,85,1,Yes,82.8,75,1,0,1.9,Completed,Jul-2026,28,0
1034,BAT202607-26,ASS0259,Fresher,Billing,Client Gamma,TR001,CST,Hybrid,2026-07-16 00:00:00,2026-07-18 00:00:00,3,3,24,23.4,17.8,5.6,25.4,92.1,76,1,Yes,92.5,100,1,1,1.2,Completed,Jul-2026,29,0
1035,BAT202607-26,ASS0259,Fresher,Billing,Client Gamma,TR001,LAW,Classroom,2026-07-19 00:00:00,2026-07-28 00:00:00,10,10,80,75.5,37.5,38,77.4,97.5,83,1,Yes,86.3,86.5,15,1,1.3,Completed,Jul-2026,29,0
1036,BAT202607-26,ASS0259,Fresher,Billing,Client Gamma,TR001,OJT,Hybrid,2026-07-29 00:00:00,2026-08-22 00:00:00,25,25,200,171.1,118.6,52.5,208.6,82,75,1,Yes,79.4,71.6,5,1,2,Completed,Jul-2026,31,0
1037,BAT202606-26,ASS0260,Experienced,AUTH,Client Alpha,TR004,Generic Training,Floor,2026-06-19 00:00:00,2026-06-22 00:00:00,4,4,32,29,22.4,6.6,33,87.9,86,1,Yes,95.5,83.8,3,1,0.8,Completed,Jun-2026,25,0
1038,BAT202606-26,ASS0260,Experienced,AUTH,Client Alpha,TR004,CST,Classroom,2026-06-23 00:00:00,2026-06-25 00:00:00,3,3,24,23.9,17.5,6.4,22.9,104.4,84,1,Yes,88.4,61.1,1,0,1.8,Completed,Jun-2026,26,0
1039,BAT202606-26,ASS0260,Experienced,AUTH,Client Alpha,TR004,LAW,Floor,2026-06-26 00:00:00,2026-06-30 00:00:00,5,5,40,37.7,24.4,13.3,43,87.7,86,1,Yes,81.1,75.3,7,0,1.2,Completed,Jun-2026,26,0
1040,BAT202607-26,ASS0260,Experienced,AUTH,Client Alpha,TR004,OJT,Floor,2026-07-01 00:00:00,2026-07-15 00:00:00,15,15,120,110.3,86.4,23.9,114.6,96.2,71,2,No,73.9,81.8,5,1,4.9,Completed,Jul-2026,27,0
1041,BAT202604-27,ASS0261,Fresher,BRCM,Client Beta,TR007,Generic Training,Classroom,2026-04-05 00:00:00,2026-04-10 00:00:00,6,6,48,46.3,31.6,14.7,48.3,95.9,100,1,Yes,88.5,86.8,1,1,1.2,Completed,Apr-2026,14,0
1042,BAT202604-27,ASS0261,Fresher,BRCM,Client Beta,TR007,CST,Hybrid,2026-04-11 00:00:00,2026-04-13 00:00:00,3,3,24,22.9,16.7,6.2,24.1,95,63,2,No,75.4,91.9,3,3,7.9,Completed,Apr-2026,15,0
1043,BAT202604-27,ASS0261,Fresher,BRCM,Client Beta,TR007,LAW,Floor,2026-04-14 00:00:00,2026-04-23 00:00:00,10,10,80,80,52.6,27.4,80.6,99.3,85,1,Yes,88,93.1,7,0,0.4,Completed,Apr-2026,16,0
1044,BAT202604-27,ASS0261,Fresher,BRCM,Client Beta,TR007,OJT,Floor,2026-04-24 00:00:00,2026-05-18 00:00:00,25,25,200,186.7,137.2,49.5,202.2,92.3,56,2,No,80.6,89.3,5,2,2.2,Completed,Apr-2026,17,0
1045,BAT202601-27,ASS0262,Fresher,EVBV,Client Delta,TR005,Generic Training,Hybrid,2026-01-05 00:00:00,2026-01-12 00:00:00,8,8,64,56.6,40,16.6,62.9,90,97,1,Yes,89,86.5,0,1,1.2,Completed,Jan-2026,2,0
1046,BAT202601-27,ASS0262,Fresher,EVBV,Client Delta,TR005,CST,Floor,2026-01-13 00:00:00,2026-01-17 00:00:00,3,5,24,23.4,16.5,6.9,25.2,92.9,56,3,No,96,65.2,2,2,4.5,Completed,Jan-2026,3,1
1047,BAT202601-27,ASS0262,Fresher,EVBV,Client Delta,TR005,LAW,Floor,2026-01-18 00:00:00,2026-01-27 00:00:00,10,10,80,70.2,56.5,13.7,81.6,86,82,1,Yes,93,91,5,0,0.5,Completed,Jan-2026,3,0
1048,BAT202601-27,ASS0262,Fresher,EVBV,Client Delta,TR005,OJT,Floor,2026-01-28 00:00:00,2026-02-21 00:00:00,25,25,200,180.6,116.7,63.9,211.1,85.6,93,1,Yes,96.5,73,7,1,0.9,Completed,Jan-2026,5,0
1049,BAT202608-27,ASS0263,Fresher,AR,Client Beta,TR001,Generic Training,Floor,2026-08-01 00:00:00,2026-08-08 00:00:00,8,8,64,59.7,41.5,18.2,67,89.1,100,1,Yes,95.2,85.5,2,1,0.6,Completed,Aug-2026,31,0
1050,BAT202608-27,ASS0263,Fresher,AR,Client Beta,TR001,CST,Classroom,2026-08-09 00:00:00,2026-08-11 00:00:00,3,3,24,24,17.2,6.8,22.9,104.8,89,1,Yes,91.5,78.1,4,2,1.8,Completed,Aug-2026,32,0
1051,BAT202608-27,ASS0263,Fresher,AR,Client Beta,TR001,LAW,Floor,2026-08-12 00:00:00,2026-08-21 00:00:00,10,10,80,66,40.7,25.3,85.4,77.3,66,3,No,81.4,78.9,6,1,4.6,Completed,Aug-2026,33,0
1052,BAT202608-27,ASS0263,Fresher,AR,Client Beta,TR001,OJT,Classroom,2026-08-22 00:00:00,2026-09-15 00:00:00,25,25,200,200,159.2,40.8,201.5,99.3,86,1,Yes,95.9,90.5,1,0,1.7,Completed,Aug-2026,34,0
1053,BAT202605-27,ASS0264,Fresher,Payment Posting,River Health,TR003,Generic Training,Floor,2026-05-24 00:00:00,2026-05-28 00:00:00,5,5,40,37.9,30,7.9,42.2,89.8,78,1,Yes,73.5,82.1,0,2,1.9,Completed,May-2026,21,0
1054,BAT202605-27,ASS0264,Fresher,Payment Posting,River Health,TR003,CST,Virtual,2026-05-29 00:00:00,2026-06-02 00:00:00,5,5,40,36.1,25.4,10.7,40.7,88.7,83,1,Yes,82.5,71.3,3,1,0.4,Completed,May-2026,22,0
1055,BAT202606-27,ASS0264,Fresher,Payment Posting,River Health,TR003,LAW,Classroom,2026-06-03 00:00:00,2026-06-12 00:00:00,10,10,80,69.9,60.5,9.4,85,82.2,88,1,Yes,84.4,80.8,10,2,0.1,Completed,Jun-2026,23,0
1056,BAT202606-27,ASS0264,Fresher,Payment Posting,River Health,TR003,OJT,Hybrid,2026-06-13 00:00:00,2026-07-07 00:00:00,25,25,200,180.1,108.7,71.4,212.4,84.8,100,1,Yes,95.4,80,7,1,0.5,Completed,Jun-2026,24,0
1057,BAT202606-27,ASS0265,Experienced,Charge Entry,Client Delta,TR002,Generic Training,Floor,2026-06-23 00:00:00,2026-06-24 00:00:00,2,2,16,15.9,11.3,4.6,16.8,94.6,82,2,No,61.4,88.1,0,2,6.5,Completed,Jun-2026,26,0
1058,BAT202606-27,ASS0265,Experienced,Charge Entry,Client Delta,TR002,CST,Floor,2026-06-25 00:00:00,2026-06-27 00:00:00,3,3,24,24,20.7,3.3,25.9,92.7,81,1,Yes,86.4,72.8,3,2,0.3,Completed,Jun-2026,26,0
1059,BAT202606-27,ASS0265,Experienced,Charge Entry,Client Delta,TR002,LAW,Floor,2026-06-28 00:00:00,2026-07-02 00:00:00,5,5,40,40,31.2,8.8,38.1,105,95,1,Yes,93.1,75.1,6,0,1.8,Completed,Jun-2026,26,0
1060,BAT202607-27,ASS0265,Experienced,Charge Entry,Client Delta,TR002,OJT,Classroom,2026-07-03 00:00:00,2026-07-17 00:00:00,15,15,120,116,71,45,110.5,105,100,1,Yes,91.7,71.4,6,1,0.8,Completed,Jul-2026,27,0
1061,BAT202601-27,ASS0266,Fresher,Billing,Revere Health,TR002,Generic Training,Hybrid,2026-01-14 00:00:00,2026-01-21 00:00:00,8,8,64,52.4,39.4,13,65,80.6,88,1,Yes,75.2,81.8,3,1,1.4,Completed,Jan-2026,3,0
1062,BAT202601-27,ASS0266,Fresher,Billing,Revere Health,TR002,CST,Hybrid,2026-01-22 00:00:00,2026-01-26 00:00:00,5,5,40,39.7,30.1,9.6,39.6,100.3,75,1,Yes,81.2,80.3,2,4,1.9,Completed,Jan-2026,4,0
1063,BAT202601-27,ASS0266,Fresher,Billing,Revere Health,TR002,LAW,Floor,2026-01-27 00:00:00,2026-02-05 00:00:00,10,10,80,74.6,54.3,20.3,78.9,94.6,56,2,No,86.1,78.4,4,0,4.2,Completed,Jan-2026,5,0
1064,BAT202602-27,ASS0266,Fresher,Billing,Revere Health,TR002,OJT,Classroom,2026-02-06 00:00:00,2026-03-02 00:00:00,25,25,200,177.3,119.5,57.8,214.8,82.5,84,1,Yes,92.1,67.4,6,1,0.2,Completed,Feb-2026,6,0
1065,BAT202601-27,ASS0267,Fresher,Payment Posting,Client Alpha,TR003,Generic Training,Floor,2026-01-17 00:00:00,2026-01-22 00:00:00,6,6,48,47.5,45.1,2.4,51.1,93,81,1,Yes,74.7,69.4,4,0,1.9,Completed,Jan-2026,3,0
1066,BAT202601-27,ASS0267,Fresher,Payment Posting,Client Alpha,TR003,CST,Virtual,2026-01-23 00:00:00,2026-01-24 00:00:00,3,2,24,22.5,15.5,7,23.7,94.9,95,1,Yes,84.5,74.8,1,2,0,Completed,Jan-2026,4,0
1067,BAT202601-27,ASS0267,Fresher,Payment Posting,Client Alpha,TR003,LAW,Classroom,2026-01-25 00:00:00,2026-02-03 00:00:00,10,10,80,68.5,34.2,34.3,78.3,87.5,81,1,Yes,90.9,92.1,7,2,1.8,Completed,Jan-2026,4,0
1068,BAT202602-27,ASS0267,Fresher,Payment Posting,Client Alpha,TR003,OJT,Floor,2026-02-04 00:00:00,2026-02-28 00:00:00,25,25,200,179.5,130.1,49.4,209.1,85.8,66,3,No,77.1,77.1,8,0,5.5,Extended,Feb-2026,6,0
1069,BAT202603-27,ASS0268,Experienced,Billing,Revere Health,TR005,Generic Training,Hybrid,2026-03-12 00:00:00,2026-03-13 00:00:00,2,2,16,15.1,9.5,5.6,15.3,98.7,81,1,Yes,84.9,86.3,1,3,1.8,Completed,Mar-2026,11,0
1070,BAT202603-27,ASS0268,Experienced,Billing,Revere Health,TR005,CST,Floor,2026-03-14 00:00:00,2026-03-15 00:00:00,2,2,16,15.1,9.5,5.6,16.8,89.9,95,1,Yes,77.1,73.7,5,1,1.7,Completed,Mar-2026,11,0
1071,BAT202603-27,ASS0268,Experienced,Billing,Revere Health,TR005,LAW,Floor,2026-03-16 00:00:00,2026-03-20 00:00:00,5,5,40,38.2,29.6,8.6,41.7,91.6,73,1,Yes,95.4,71.3,8,0,1.9,Completed,Mar-2026,12,0
1072,BAT202603-27,ASS0268,Experienced,Billing,Revere Health,TR005,OJT,Floor,2026-03-21 00:00:00,2026-04-04 00:00:00,15,15,120,116.3,99.2,17.1,126.4,92,79,1,Yes,81.8,79.9,4,0,0.7,Completed,Mar-2026,12,0
1073,BAT202602-27,ASS0269,Fresher,Payment Posting,Client Gamma,TR001,Generic Training,Classroom,2026-02-11 00:00:00,2026-02-15 00:00:00,5,5,40,40,26,14,37.8,105.8,80,1,Yes,82.3,88.8,2,2,1.8,Completed,Feb-2026,7,0
1074,BAT202602-27,ASS0269,Fresher,Payment Posting,Client Gamma,TR001,CST,Floor,2026-02-16 00:00:00,2026-02-19 00:00:00,4,4,32,27,17.7,9.3,29.8,90.6,83,1,Yes,100,71.2,3,1,0.6,Completed,Feb-2026,8,0
1075,BAT202602-27,ASS0269,Fresher,Payment Posting,Client Gamma,TR001,LAW,Hybrid,2026-02-20 00:00:00,2026-03-02 00:00:00,10,11,80,70.5,43.6,26.9,85.3,82.6,76,1,Yes,82.7,93.4,4,1,1.2,Extended,Feb-2026,8,1
1076,BAT202603-27,ASS0269,Fresher,Payment Posting,Client Gamma,TR001,OJT,Classroom,2026-03-03 00:00:00,2026-03-27 00:00:00,25,25,200,198.2,148.4,49.8,190.5,104,78,1,Yes,95.3,81.7,2,0,1.6,Completed,Mar-2026,10,0
1077,BAT202604-27,ASS0270,Experienced,CBR,Client Delta,TR005,Generic Training,Classroom,2026-04-15 00:00:00,2026-04-18 00:00:00,4,4,32,30.2,19.3,10.9,31.6,95.6,83,3,No,93.5,91.7,1,7,3.9,Completed,Apr-2026,16,0
1078,BAT202604-27,ASS0270,Experienced,CBR,Client Delta,TR005,CST,Hybrid,2026-04-19 00:00:00,2026-04-20 00:00:00,2,2,16,15.5,9.2,6.3,15,103.3,70,1,Yes,75.4,85.9,4,1,1.2,Completed,Apr-2026,16,0
1079,BAT202604-27,ASS0270,Experienced,CBR,Client Delta,TR005,LAW,Hybrid,2026-04-21 00:00:00,2026-04-25 00:00:00,5,5,40,35.9,28.4,7.5,42.3,84.9,69,3,No,73.5,84.2,11,3,4.6,Completed,Apr-2026,17,0
1080,BAT202604-27,ASS0270,Experienced,CBR,Client Delta,TR005,OJT,Classroom,2026-04-26 00:00:00,2026-05-10 00:00:00,15,15,120,112,87,25,115.2,97.2,72,1,Yes,95.5,95.3,13,1,1.2,Completed,Apr-2026,17,0
1081,BAT202605-28,ASS0271,Experienced,Charge Entry,Client Beta,TR001,Generic Training,Virtual,2026-05-30 00:00:00,2026-06-02 00:00:00,4,4,32,29.9,25.3,4.6,33.3,89.8,78,1,Yes,92.7,89.1,1,0,1.3,Completed,May-2026,22,0
1082,BAT202606-28,ASS0271,Experienced,Charge Entry,Client Beta,TR001,CST,Hybrid,2026-06-03 00:00:00,2026-06-05 00:00:00,3,3,24,21.5,18.1,3.4,22.1,97.3,89,1,Yes,91.1,83.3,3,1,0.9,Completed,Jun-2026,23,0
1083,BAT202606-28,ASS0271,Experienced,Charge Entry,Client Beta,TR001,LAW,Floor,2026-06-06 00:00:00,2026-06-10 00:00:00,5,5,40,37.4,29.5,7.9,41.6,89.9,70,1,Yes,98.9,97.9,9,0,0.1,Completed,Jun-2026,23,0
1084,BAT202606-28,ASS0271,Experienced,Charge Entry,Client Beta,TR001,OJT,Classroom,2026-06-11 00:00:00,2026-06-24 00:00:00,15,14,120,109.6,62.3,47.3,118.5,92.5,78,2,No,77.3,62.5,8,1,2.6,Completed,Jun-2026,24,0
1085,BAT202602-28,ASS0272,Experienced,Charge Entry,Client Delta,TR007,Generic Training,Classroom,2026-02-23 00:00:00,2026-02-24 00:00:00,2,2,16,15.8,13.1,2.7,16.1,98.1,75,1,Yes,80.5,79.8,2,2,0.8,Completed,Feb-2026,9,0
1086,BAT202602-28,ASS0272,Experienced,Charge Entry,Client Delta,TR007,CST,Hybrid,2026-02-25 00:00:00,2026-02-26 00:00:00,2,2,16,14.6,7.8,6.8,14.9,98,78,1,Yes,79.2,98.1,0,1,0.5,Completed,Feb-2026,9,0
1087,BAT202602-28,ASS0272,Experienced,Charge Entry,Client Delta,TR007,LAW,Classroom,2026-02-27 00:00:00,2026-03-03 00:00:00,5,5,40,37.6,35.3,2.3,38.2,98.4,89,1,Yes,77.6,97,12,0,1.3,Completed,Feb-2026,9,0
1088,BAT202603-28,ASS0272,Experienced,Charge Entry,Client Delta,TR007,OJT,Virtual,2026-03-04 00:00:00,2026-03-17 00:00:00,15,14,120,120,101.6,18.4,121.4,98.8,84,1,Yes,93.1,90.9,4,1,1.7,Completed,Mar-2026,10,0
1089,BAT202601-28,ASS0273,Experienced,AR,River Health,TR007,Generic Training,Floor,2026-01-28 00:00:00,2026-01-31 00:00:00,4,4,32,32,22.5,9.5,31.3,102.2,85,2,No,90.3,80.9,1,3,2.7,Completed,Jan-2026,5,0
1090,BAT202602-28,ASS0273,Experienced,AR,River Health,TR007,CST,Classroom,2026-02-01 00:00:00,2026-02-02 00:00:00,2,2,16,14.5,10.5,4,16,90.6,96,1,Yes,81.8,82.8,1,0,1.8,Completed,Feb-2026,5,0
1091,BAT202602-28,ASS0273,Experienced,AR,River Health,TR007,LAW,Virtual,2026-02-03 00:00:00,2026-02-09 00:00:00,5,7,40,36.5,23.4,13.1,37.8,96.6,89,1,Yes,72.5,84.5,12,0,1.8,Completed,Feb-2026,6,1
1092,BAT202602-28,ASS0273,Experienced,AR,River Health,TR007,OJT,Floor,2026-02-10 00:00:00,2026-02-25 00:00:00,15,16,120,120,113.1,6.9,115.7,103.7,83,1,Yes,84.9,85.6,5,3,0,Completed,Feb-2026,7,1
1093,BAT202601-28,ASS0274,Fresher,Payment Posting,Client Gamma,TR006,Generic Training,Hybrid,2026-01-19 00:00:00,2026-01-23 00:00:00,5,5,40,35.2,29.6,5.6,42.6,82.6,79,1,Yes,82.1,71.7,6,1,1.6,Completed,Jan-2026,4,0
1094,BAT202601-28,ASS0274,Fresher,Payment Posting,Client Gamma,TR006,CST,Hybrid,2026-01-24 00:00:00,2026-01-27 00:00:00,4,4,32,28.4,26.1,2.3,32.6,87.1,83,2,No,80.5,82.7,1,3,4.8,Completed,Jan-2026,4,0
1095,BAT202601-28,ASS0274,Fresher,Payment Posting,Client Gamma,TR006,LAW,Classroom,2026-01-28 00:00:00,2026-02-06 00:00:00,10,10,80,73.2,39.4,33.8,79.6,92,84,1,Yes,86.1,95.9,4,0,0.3,Completed,Jan-2026,5,0
1096,BAT202602-28,ASS0274,Fresher,Payment Posting,Client Gamma,TR006,OJT,Classroom,2026-02-07 00:00:00,2026-03-03 00:00:00,25,25,200,200,111.9,88.1,187.3,106.8,81,1,Yes,87.5,96,2,0,0.7,Completed,Feb-2026,6,0
1097,BAT202601-28,ASS0275,Experienced,BRCM,River Health,TR003,Generic Training,Floor,2026-01-25 00:00:00,2026-01-26 00:00:00,2,2,16,14.8,9.9,4.9,16.3,90.8,74,1,Yes,81.3,83,4,0,0.8,Completed,Jan-2026,4,0
1098,BAT202601-28,ASS0275,Experienced,BRCM,River Health,TR003,CST,Floor,2026-01-27 00:00:00,2026-01-28 00:00:00,2,2,16,14.7,14,0.7,16.7,88,78,3,No,94.8,82.4,3,0,5.9,Completed,Jan-2026,5,0
1099,BAT202601-28,ASS0275,Experienced,BRCM,River Health,TR003,LAW,Virtual,2026-01-29 00:00:00,2026-02-02 00:00:00,5,5,40,35.7,28.5,7.2,41.2,86.7,70,1,Yes,94.3,73.5,10,3,1.4,Completed,Jan-2026,5,0
1100,BAT202602-28,ASS0275,Experienced,BRCM,River Health,TR003,OJT,Hybrid,2026-02-03 00:00:00,2026-02-17 00:00:00,15,15,120,114.9,70.5,44.4,112.7,102,70,1,Yes,85.9,69.1,7,1,1.2,Completed,Feb-2026,6,0
1101,BAT202602-28,ASS0276,Fresher,Charge Entry,River Health,TR001,Generic Training,Classroom,2026-02-14 00:00:00,2026-02-21 00:00:00,8,8,64,56,33.2,22.8,68.7,81.5,73,3,No,79.5,67.1,1,2,2.6,Completed,Feb-2026,7,0
1102,BAT202602-28,ASS0276,Fresher,Charge Entry,River Health,TR001,CST,Floor,2026-02-22 00:00:00,2026-02-26 00:00:00,5,5,40,37.3,22.4,14.9,43.1,86.5,86,1,Yes,95.7,83.4,0,1,1.4,Completed,Feb-2026,8,0
1103,BAT202602-28,ASS0276,Fresher,Charge Entry,River Health,TR001,LAW,Virtual,2026-02-27 00:00:00,2026-03-08 00:00:00,10,10,80,79,61.4,17.6,74.7,105.8,83,1,Yes,84.6,80.6,3,3,1,Completed,Feb-2026,9,0
1104,BAT202603-28,ASS0276,Fresher,Charge Entry,River Health,TR001,OJT,Floor,2026-03-09 00:00:00,2026-04-02 00:00:00,25,25,200,180.6,132.4,48.2,215,84,63,3,No,93.8,80,5,3,2.8,Completed,Mar-2026,11,0
1105,BAT202601-28,ASS0277,Fresher,Billing,Client Alpha,TR005,Generic Training,Hybrid,2026-01-08 00:00:00,2026-01-13 00:00:00,6,6,48,47.9,40.5,7.4,45.7,104.8,74,1,Yes,78.9,74.6,3,2,0.6,Completed,Jan-2026,2,0
1106,BAT202601-28,ASS0277,Fresher,Billing,Client Alpha,TR005,CST,Virtual,2026-01-14 00:00:00,2026-01-17 00:00:00,4,4,32,29.8,14,15.8,33.9,87.9,85,3,No,80.1,77.8,5,0,5.2,Completed,Jan-2026,3,0
1107,BAT202601-28,ASS0277,Fresher,Billing,Client Alpha,TR005,LAW,Floor,2026-01-18 00:00:00,2026-01-27 00:00:00,10,10,80,70.9,48.5,22.4,76.4,92.8,86,1,Yes,79.4,88.1,5,2,1.6,Completed,Jan-2026,3,0
1108,BAT202601-28,ASS0277,Fresher,Billing,Client Alpha,TR005,OJT,Hybrid,2026-01-28 00:00:00,2026-02-21 00:00:00,25,25,200,190.4,123,67.4,187.1,101.8,73,1,Yes,84.6,100,5,0,0.9,Completed,Jan-2026,5,0
1109,BAT202607-28,ASS0278,Experienced,BRCM,Client Delta,TR005,Generic Training,Virtual,2026-07-02 00:00:00,2026-07-06 00:00:00,4,5,32,30.2,19.3,10.9,29.9,101,95,1,Yes,93.5,75.5,1,0,1.3,Completed,Jul-2026,27,1
1110,BAT202607-28,ASS0278,Experienced,BRCM,Client Delta,TR005,CST,Floor,2026-07-07 00:00:00,2026-07-08 00:00:00,2,2,16,16,10.7,5.3,17,94.1,88,1,Yes,75.5,84,3,2,0.8,Completed,Jul-2026,28,0
1111,BAT202607-28,ASS0278,Experienced,BRCM,Client Delta,TR005,LAW,Hybrid,2026-07-09 00:00:00,2026-07-15 00:00:00,5,7,40,40,30.8,9.2,38.5,103.9,97,1,Yes,66.3,89.9,12,3,1.4,Completed,Jul-2026,28,1
1112,BAT202607-28,ASS0278,Experienced,BRCM,Client Delta,TR005,OJT,Virtual,2026-07-16 00:00:00,2026-07-30 00:00:00,15,15,120,116.1,80.6,35.5,124.6,93.2,98,1,Yes,76.7,79.1,4,0,0.5,Completed,Jul-2026,29,0
1113,BAT202602-28,ASS0279,Fresher,BRCM,River Health,TR001,Generic Training,Classroom,2026-02-13 00:00:00,2026-02-18 00:00:00,6,6,48,43.8,30.9,12.9,45.9,95.4,94,1,Yes,88.4,84,0,0,0.5,Completed,Feb-2026,7,0
1114,BAT202602-28,ASS0279,Fresher,BRCM,River Health,TR001,CST,Virtual,2026-02-19 00:00:00,2026-02-21 00:00:00,3,3,24,22,17.1,4.9,24.8,88.7,79,1,Yes,88.2,68.9,0,0,1.3,Completed,Feb-2026,8,0
1115,BAT202602-28,ASS0279,Fresher,BRCM,River Health,TR001,LAW,Classroom,2026-02-22 00:00:00,2026-03-03 00:00:00,10,10,80,71.3,58.6,12.7,84.9,84,84,1,Yes,94.4,90.5,7,1,0.3,Completed,Feb-2026,8,0
1116,BAT202603-28,ASS0279,Fresher,BRCM,River Health,TR001,OJT,Hybrid,2026-03-04 00:00:00,2026-03-28 00:00:00,25,25,200,184.1,112.1,72,190.5,96.6,81,1,Yes,94.1,81,8,0,1.2,Completed,Mar-2026,10,0
1117,BAT202601-28,ASS0280,Fresher,Charge Entry,Client Delta,TR001,Generic Training,Classroom,2026-01-07 00:00:00,2026-01-13 00:00:00,7,7,56,54.8,39.2,15.6,52.4,104.6,92,1,Yes,84.1,93.6,3,0,0.6,Completed,Jan-2026,2,0
1118,BAT202601-28,ASS0280,Fresher,Charge Entry,Client Delta,TR001,CST,Floor,2026-01-14 00:00:00,2026-01-19 00:00:00,5,6,40,38.2,24.4,13.8,40.3,94.8,100,2,No,88.8,90.2,2,0,5.3,Completed,Jan-2026,3,1
1119,BAT202601-28,ASS0280,Fresher,Charge Entry,Client Delta,TR001,LAW,Floor,2026-01-20 00:00:00,2026-01-28 00:00:00,10,9,80,80,52,28,78.7,101.7,85,1,Yes,71.9,89.3,8,1,1.1,Completed,Jan-2026,4,0
1120,BAT202601-28,ASS0280,Fresher,Charge Entry,Client Delta,TR001,OJT,Virtual,2026-01-29 00:00:00,2026-02-22 00:00:00,25,25,200,194.6,152.8,41.8,195,99.8,94,1,Yes,80.5,80.3,5,0,0.3,Completed,Jan-2026,5,0
1121,BAT202608-29,ASS0281,Experienced,AR,Client Gamma,TR003,Generic Training,Hybrid,2026-08-17 00:00:00,2026-08-20 00:00:00,4,4,32,27,20.9,6.1,31.1,86.8,74,1,Yes,74.1,81.5,4,3,1.7,Completed,Aug-2026,34,0
1122,BAT202608-29,ASS0281,Experienced,AR,Client Gamma,TR003,CST,Virtual,2026-08-21 00:00:00,2026-08-24 00:00:00,3,4,24,21,13.8,7.2,22.7,92.5,98,3,No,93.2,72.6,3,2,6.9,Completed,Aug-2026,34,1
1123,BAT202608-29,ASS0281,Experienced,AR,Client Gamma,TR003,LAW,Classroom,2026-08-25 00:00:00,2026-08-29 00:00:00,5,5,40,39.3,23.7,15.6,38.1,103.1,75,1,Yes,94.2,77.9,14,2,0.1,Completed,Aug-2026,35,0
1124,BAT202608-29,ASS0281,Experienced,AR,Client Gamma,TR003,OJT,Classroom,2026-08-30 00:00:00,2026-09-13 00:00:00,15,15,120,106.1,67.6,38.5,129.2,82.1,85,1,Yes,87.5,76.6,10,1,1.4,Extended,Aug-2026,35,0
1125,BAT202607-29,ASS0282,Experienced,AUTH,Client Delta,TR005,Generic Training,Virtual,2026-07-13 00:00:00,2026-07-15 00:00:00,3,3,24,21.5,18.6,2.9,25.1,85.7,78,1,Yes,90,90.8,3,0,1.2,Completed,Jul-2026,29,0
1126,BAT202607-29,ASS0282,Experienced,AUTH,Client Delta,TR005,CST,Classroom,2026-07-16 00:00:00,2026-07-17 00:00:00,2,2,16,15.3,10.7,4.6,16.5,92.7,85,1,Yes,70,73.7,5,2,1.6,Extended,Jul-2026,29,0
1127,BAT202607-29,ASS0282,Experienced,AUTH,Client Delta,TR005,LAW,Classroom,2026-07-18 00:00:00,2026-07-23 00:00:00,5,6,40,39.7,31.5,8.2,38.9,102.1,61,2,No,93.4,88,17,4,7.9,Completed,Jul-2026,29,1
1128,BAT202607-29,ASS0282,Experienced,AUTH,Client Delta,TR005,OJT,Hybrid,2026-07-24 00:00:00,2026-08-07 00:00:00,15,15,120,111,78.4,32.6,111.3,99.7,87,1,Yes,100,76.5,2,2,0.5,Completed,Jul-2026,30,0
1129,BAT202605-29,ASS0283,Fresher,EVBV,River Health,TR007,Generic Training,Hybrid,2026-05-10 00:00:00,2026-05-17 00:00:00,8,8,64,62.2,48.2,14,61.5,101.1,85,1,Yes,97,64.9,3,0,1.8,Completed,May-2026,19,0
1130,BAT202605-29,ASS0283,Fresher,EVBV,River Health,TR007,CST,Hybrid,2026-05-18 00:00:00,2026-05-19 00:00:00,3,2,24,21.4,17.6,3.8,25.5,83.9,85,3,No,100,71.3,0,2,4,Completed,May-2026,21,0
1131,BAT202605-29,ASS0283,Fresher,EVBV,River Health,TR007,LAW,Floor,2026-05-20 00:00:00,2026-05-28 00:00:00,10,9,80,80,58.7,21.3,75,106.7,76,1,Yes,76.8,71.6,7,2,0.9,Completed,May-2026,21,0
1132,BAT202605-29,ASS0283,Fresher,EVBV,River Health,TR007,OJT,Floor,2026-05-29 00:00:00,2026-06-22 00:00:00,25,25,200,176.5,135.4,41.1,214.4,82.3,86,1,Yes,81,80,7,0,2,Completed,May-2026,22,0
1133,BAT202604-29,ASS0284,Fresher,Billing,Client Gamma,TR001,Generic Training,Floor,2026-04-06 00:00:00,2026-04-10 00:00:00,5,5,40,37.5,25.5,12,42.1,89.1,77,1,Yes,88.6,87.8,1,0,0.8,Completed,Apr-2026,15,0
1134,BAT202604-29,ASS0284,Fresher,Billing,Client Gamma,TR001,CST,Floor,2026-04-11 00:00:00,2026-04-15 00:00:00,5,5,40,36.8,17.6,19.2,40,92,88,1,Yes,94.1,85.4,1,3,0.9,Completed,Apr-2026,15,0
1135,BAT202604-29,ASS0284,Fresher,Billing,Client Gamma,TR001,LAW,Classroom,2026-04-16 00:00:00,2026-04-25 00:00:00,10,10,80,80,57.1,22.9,84.6,94.6,70,1,Yes,80.5,81.6,9,0,1.9,Completed,Apr-2026,16,0
1136,BAT202604-29,ASS0284,Fresher,Billing,Client Gamma,TR001,OJT,Classroom,2026-04-26 00:00:00,2026-05-20 00:00:00,25,25,200,180.3,132.7,47.6,192.2,93.8,81,1,Yes,100,86.8,4,1,1.1,Completed,Apr-2026,17,0
1137,BAT202602-29,ASS0285,Fresher,BRCM,Client Gamma,TR004,Generic Training,Classroom,2026-02-20 00:00:00,2026-02-26 00:00:00,7,7,56,49.1,27.9,21.2,53.2,92.3,88,1,Yes,92.1,94.2,2,0,1.8,Completed,Feb-2026,8,0
1138,BAT202602-29,ASS0285,Fresher,BRCM,Client Gamma,TR004,CST,Classroom,2026-02-27 00:00:00,2026-03-04 00:00:00,5,6,40,36.8,30.7,6.1,37.1,99.2,84,1,Yes,86.1,91.4,0,0,0.1,Completed,Feb-2026,9,1
1139,BAT202603-29,ASS0285,Fresher,BRCM,Client Gamma,TR004,LAW,Floor,2026-03-05 00:00:00,2026-03-14 00:00:00,10,10,80,71.5,45.9,25.6,76.7,93.2,90,1,Yes,89.4,78.5,8,2,1.9,Completed,Mar-2026,10,0
1140,BAT202603-29,ASS0285,Fresher,BRCM,Client Gamma,TR004,OJT,Floor,2026-03-15 00:00:00,2026-04-08 00:00:00,25,25,200,197.9,118.7,79.2,193.9,102.1,80,1,Yes,84,70,5,1,1.2,Completed,Mar-2026,11,0
1141,BAT202608-29,ASS0286,Fresher,BRCM,Revere Health,TR002,Generic Training,Hybrid,2026-08-05 00:00:00,2026-08-09 00:00:00,5,5,40,36.3,21.3,15,41.8,86.8,96,1,Yes,100,69.1,5,3,0.1,Completed,Aug-2026,32,0
1142,BAT202608-29,ASS0286,Fresher,BRCM,Revere Health,TR002,CST,Hybrid,2026-08-10 00:00:00,2026-08-13 00:00:00,4,4,32,28.1,20.1,8,31.1,90.4,80,1,Yes,94.9,70.6,3,0,0.6,Completed,Aug-2026,33,0
1143,BAT202608-29,ASS0286,Fresher,BRCM,Revere Health,TR002,LAW,Virtual,2026-08-14 00:00:00,2026-08-23 00:00:00,10,10,80,72.8,59.4,13.4,84.5,86.2,71,1,Yes,88.2,90.6,5,1,1.4,Completed,Aug-2026,33,0
1144,BAT202608-29,ASS0286,Fresher,BRCM,Revere Health,TR002,OJT,Virtual,2026-08-24 00:00:00,2026-09-17 00:00:00,25,25,200,200,169.2,30.8,210.1,95.2,73,1,Yes,97.8,96.9,6,1,0.6,Completed,Aug-2026,35,0
1145,BAT202607-29,ASS0287,Fresher,Billing,Client Beta,TR001,Generic Training,Classroom,2026-07-11 00:00:00,2026-07-17 00:00:00,6,7,48,48,40.3,7.7,51.6,93,81,1,Yes,84.8,84.3,1,0,0.4,Completed,Jul-2026,28,1
1146,BAT202607-29,ASS0287,Fresher,Billing,Client Beta,TR001,CST,Hybrid,2026-07-18 00:00:00,2026-07-18 00:00:00,3,1,24,21.9,20.8,1.1,23,95.2,73,1,Yes,91.2,76.9,3,0,0.8,Completed,Jul-2026,29,0
1147,BAT202607-29,ASS0287,Fresher,Billing,Client Beta,TR001,LAW,Classroom,2026-07-19 00:00:00,2026-07-28 00:00:00,10,10,80,75.9,48.8,27.1,83.2,91.2,80,1,Yes,100,76.8,7,2,0.9,Completed,Jul-2026,29,0
1148,BAT202607-29,ASS0287,Fresher,Billing,Client Beta,TR001,OJT,Floor,2026-07-29 00:00:00,2026-08-22 00:00:00,25,25,200,185.5,159.5,26,212.2,87.4,89,1,Yes,79.5,100,8,2,0.9,Completed,Jul-2026,31,0
1149,BAT202607-29,ASS0288,Fresher,Payment Posting,Client Gamma,TR004,Generic Training,Virtual,2026-07-28 00:00:00,2026-08-04 00:00:00,8,8,64,58.1,41.4,16.7,62.7,92.7,97,3,No,98.3,77.8,2,2,4.8,Completed,Jul-2026,31,0
1150,BAT202608-29,ASS0288,Fresher,Payment Posting,Client Gamma,TR004,CST,Hybrid,2026-08-05 00:00:00,2026-08-08 00:00:00,5,4,40,34.4,31.5,2.9,38.2,90.1,70,1,Yes,81.7,79.7,2,0,1.5,Completed,Aug-2026,32,0
1151,BAT202608-29,ASS0288,Fresher,Payment Posting,Client Gamma,TR004,LAW,Floor,2026-08-09 00:00:00,2026-08-18 00:00:00,10,10,80,72.9,43.8,29.1,74.6,97.7,91,1,Yes,83.8,90.7,7,0,1,Completed,Aug-2026,32,0
1152,BAT202608-29,ASS0288,Fresher,Payment Posting,Client Gamma,TR004,OJT,Hybrid,2026-08-19 00:00:00,2026-09-13 00:00:00,25,26,200,159.4,84.5,74.9,196.2,81.2,72,2,No,82.4,79.7,9,2,5.6,Completed,Aug-2026,34,1
1153,BAT202603-29,ASS0289,Experienced,AR,River Health,TR003,Generic Training,Virtual,2026-03-17 00:00:00,2026-03-19 00:00:00,3,3,24,22.6,17.8,4.8,25.8,87.6,74,1,Yes,85.7,90.7,2,0,0.2,Completed,Mar-2026,12,0
1154,BAT202603-29,ASS0289,Experienced,AR,River Health,TR003,CST,Classroom,2026-03-20 00:00:00,2026-03-22 00:00:00,3,3,24,21.3,17.7,3.6,24.4,87.3,72,1,Yes,72.4,79.1,4,1,1.2,Completed,Mar-2026,12,0
1155,BAT202603-29,ASS0289,Experienced,AR,River Health,TR003,LAW,Floor,2026-03-23 00:00:00,2026-03-27 00:00:00,5,5,40,39.4,30.8,8.6,39.6,99.5,95,1,Yes,91.8,87.2,9,0,1.1,Completed,Mar-2026,13,0
1156,BAT202603-29,ASS0289,Experienced,AR,River Health,TR003,OJT,Virtual,2026-03-28 00:00:00,2026-04-13 00:00:00,15,17,120,112.5,84.2,28.3,124.1,90.7,81,1,Yes,81.6,85.3,8,0,0.3,Completed,Mar-2026,13,1
1157,BAT202604-29,ASS0290,Fresher,AR,Revere Health,TR004,Generic Training,Classroom,2026-04-13 00:00:00,2026-04-18 00:00:00,6,6,48,43,36,7,50.1,85.8,73,3,No,87.4,95.5,3,2,7,Completed,Apr-2026,16,0
1158,BAT202604-29,ASS0290,Fresher,AR,Revere Health,TR004,CST,Hybrid,2026-04-19 00:00:00,2026-04-21 00:00:00,3,3,24,23,14.1,8.9,22.3,103.1,58,3,No,96.2,68.1,1,5,2.5,Completed,Apr-2026,16,0
1159,BAT202604-29,ASS0290,Fresher,AR,Revere Health,TR004,LAW,Classroom,2026-04-22 00:00:00,2026-05-02 00:00:00,10,11,80,80,51.5,28.5,85.4,93.7,75,2,No,86.4,86.2,11,1,5.5,Completed,Apr-2026,17,1
1160,BAT202605-29,ASS0290,Fresher,AR,Revere Health,TR004,OJT,Classroom,2026-05-03 00:00:00,2026-05-27 00:00:00,25,25,200,199.9,131.7,68.2,210.1,95.1,91,1,Yes,87.4,92.6,4,1,0.6,Completed,May-2026,18,0
1161,BAT202601-30,ASS0291,Experienced,AR,Client Delta,TR007,Generic Training,Floor,2026-01-13 00:00:00,2026-01-16 00:00:00,4,4,32,30.4,21.6,8.8,29.9,101.7,65,3,No,80.6,75.2,5,1,5.4,Completed,Jan-2026,3,0
1162,BAT202601-30,ASS0291,Experienced,AR,Client Delta,TR007,CST,Classroom,2026-01-17 00:00:00,2026-01-18 00:00:00,2,2,16,16,14.6,1.4,15.1,106,69,3,No,87.7,96.4,2,5,2,Completed,Jan-2026,3,0
1163,BAT202601-30,ASS0291,Experienced,AR,Client Delta,TR007,LAW,Classroom,2026-01-19 00:00:00,2026-01-23 00:00:00,5,5,40,37.2,22.5,14.7,40.4,92.1,75,1,Yes,85.7,74.2,9,0,0.3,Completed,Jan-2026,4,0
1164,BAT202601-30,ASS0291,Experienced,AR,Client Delta,TR007,OJT,Classroom,2026-01-24 00:00:00,2026-02-09 00:00:00,15,17,120,120,96,24,112.2,107,64,3,No,81.7,97.2,5,3,4.5,Completed,Jan-2026,4,1
1165,BAT202605-30,ASS0292,Experienced,AUTH,River Health,TR007,Generic Training,Classroom,2026-05-30 00:00:00,2026-06-01 00:00:00,4,3,32,31.6,17.4,14.2,30.6,103.3,83,1,Yes,88,87.9,3,2,1.6,Completed,May-2026,22,0
1166,BAT202606-30,ASS0292,Experienced,AUTH,River Health,TR007,CST,Classroom,2026-06-02 00:00:00,2026-06-04 00:00:00,3,3,24,24,20,4,24.2,99.2,74,1,Yes,71.9,92.3,2,1,1.7,Completed,Jun-2026,23,0
1167,BAT202606-30,ASS0292,Experienced,AUTH,River Health,TR007,LAW,Floor,2026-06-05 00:00:00,2026-06-09 00:00:00,5,5,40,37,28.7,8.3,42.4,87.3,80,1,Yes,78.6,65.4,4,1,0.4,Completed,Jun-2026,23,0
1168,BAT202606-30,ASS0292,Experienced,AUTH,River Health,TR007,OJT,Floor,2026-06-10 00:00:00,2026-06-24 00:00:00,15,15,120,110.3,78.2,32.1,121.2,91,100,2,No,91.7,76.4,10,5,5.6,Completed,Jun-2026,24,0
1169,BAT202607-30,ASS0293,Fresher,AR,Revere Health,TR004,Generic Training,Classroom,2026-07-01 00:00:00,2026-07-07 00:00:00,7,7,56,49.4,46.1,3.3,51.8,95.4,83,1,Yes,76.2,81.3,1,0,0.3,Completed,Jul-2026,27,0
1170,BAT202607-30,ASS0293,Fresher,AR,Revere Health,TR004,CST,Floor,2026-07-08 00:00:00,2026-07-10 00:00:00,3,3,24,21.2,14.7,6.5,22.2,95.5,95,1,Yes,83.6,76.1,2,1,0,Completed,Jul-2026,28,0
1171,BAT202607-30,ASS0293,Fresher,AR,Revere Health,TR004,LAW,Hybrid,2026-07-11 00:00:00,2026-07-20 00:00:00,10,10,80,79.4,68.5,10.9,76.6,103.7,85,1,Yes,69.3,89,11,0,0.7,Completed,Jul-2026,28,0
1172,BAT202607-30,ASS0293,Fresher,AR,Revere Health,TR004,OJT,Virtual,2026-07-21 00:00:00,2026-08-14 00:00:00,25,25,200,200,135.9,64.1,186.3,107.4,88,3,No,86.7,88.1,3,2,6.1,Completed,Jul-2026,30,0
1173,BAT202608-30,ASS0294,Experienced,Payment Posting,Client Beta,TR008,Generic Training,Hybrid,2026-08-02 00:00:00,2026-08-03 00:00:00,2,2,16,15.4,13,2.4,15.3,100.7,83,1,Yes,89.3,73.7,1,1,1.4,Completed,Aug-2026,31,0
1174,BAT202608-30,ASS0294,Experienced,Payment Posting,Client Beta,TR008,CST,Virtual,2026-08-04 00:00:00,2026-08-06 00:00:00,3,3,24,23.9,18.1,5.8,24.5,97.6,69,2,No,85.1,93.6,1,1,4.2,Completed,Aug-2026,32,0
1175,BAT202608-30,ASS0294,Experienced,Payment Posting,Client Beta,TR008,LAW,Floor,2026-08-07 00:00:00,2026-08-11 00:00:00,5,5,40,38.3,25.1,13.2,38.7,99,91,1,Yes,80.8,87.1,1,1,0.4,Completed,Aug-2026,32,0
1176,BAT202608-30,ASS0294,Experienced,Payment Posting,Client Beta,TR008,OJT,Virtual,2026-08-12 00:00:00,2026-08-26 00:00:00,15,15,120,114.2,81.3,32.9,118.9,96,94,1,Yes,83,89.4,7,2,1.7,Completed,Aug-2026,33,0
1177,BAT202608-30,ASS0295,Fresher,CBR,River Health,TR005,Generic Training,Floor,2026-08-11 00:00:00,2026-08-15 00:00:00,5,5,40,37,28.1,8.9,41.6,88.9,71,1,Yes,94.6,94.3,4,1,1.1,Completed,Aug-2026,33,0
1178,BAT202608-30,ASS0295,Fresher,CBR,River Health,TR005,CST,Classroom,2026-08-16 00:00:00,2026-08-20 00:00:00,5,5,40,38.1,31.4,6.7,38.4,99.2,82,2,No,84.6,72.2,1,5,5.7,Completed,Aug-2026,33,0
1179,BAT202608-30,ASS0295,Fresher,CBR,River Health,TR005,LAW,Classroom,2026-08-21 00:00:00,2026-08-30 00:00:00,10,10,80,74.5,59.5,15,80.9,92.1,84,1,Yes,95,72.9,4,1,0.3,Completed,Aug-2026,34,0
1180,BAT202608-30,ASS0295,Fresher,CBR,River Health,TR005,OJT,Classroom,2026-08-31 00:00:00,2026-09-24 00:00:00,25,25,200,200,142.8,57.2,209.8,95.3,83,1,Yes,85,83.6,6,1,1.3,Completed,Aug-2026,36,0
1181,BAT202608-30,ASS0296,Experienced,EVBV,Client Delta,TR005,Generic Training,Floor,2026-08-09 00:00:00,2026-08-10 00:00:00,2,2,16,14.7,12.9,1.8,16.7,88,84,2,No,97.3,100,1,4,3.2,Completed,Aug-2026,32,0
1182,BAT202608-30,ASS0296,Experienced,EVBV,Client Delta,TR005,CST,Classroom,2026-08-11 00:00:00,2026-08-12 00:00:00,2,2,16,15.3,12.8,2.5,16.4,93.3,80,1,Yes,82.3,89.1,2,2,1.6,Completed,Aug-2026,33,0
1183,BAT202608-30,ASS0296,Experienced,EVBV,Client Delta,TR005,LAW,Hybrid,2026-08-13 00:00:00,2026-08-19 00:00:00,5,7,40,38.7,30.3,8.4,40.3,96,73,1,Yes,100,90.2,6,0,0.9,Completed,Aug-2026,33,1
1184,BAT202608-30,ASS0296,Experienced,EVBV,Client Delta,TR005,OJT,Floor,2026-08-20 00:00:00,2026-09-03 00:00:00,15,15,120,120,56.6,63.4,129.2,92.9,76,3,No,98.8,82.7,4,0,5.2,Completed,Aug-2026,34,0
1185,BAT202601-30,ASS0297,Fresher,AUTH,Revere Health,TR004,Generic Training,Classroom,2026-01-14 00:00:00,2026-01-21 00:00:00,8,8,64,60.9,43.8,17.1,67.8,89.8,74,1,Yes,67.8,83.1,4,0,0.6,Completed,Jan-2026,3,0
1186,BAT202601-30,ASS0297,Fresher,AUTH,Revere Health,TR004,CST,Hybrid,2026-01-22 00:00:00,2026-01-24 00:00:00,3,3,24,22.5,18.9,3.6,23.7,94.9,86,1,Yes,90.2,82.4,1,0,1.6,Completed,Jan-2026,4,0
1187,BAT202601-30,ASS0297,Fresher,AUTH,Revere Health,TR004,LAW,Classroom,2026-01-25 00:00:00,2026-02-03 00:00:00,10,10,80,77.7,52.4,25.3,84,92.5,84,1,Yes,84.3,100,5,1,0.5,Completed,Jan-2026,4,0
1188,BAT202602-30,ASS0297,Fresher,AUTH,Revere Health,TR004,OJT,Classroom,2026-02-04 00:00:00,2026-02-28 00:00:00,25,25,200,199.3,163.4,35.9,198.9,100.2,85,1,Yes,93.2,90.7,5,2,0.5,Completed,Feb-2026,6,0
1189,BAT202601-30,ASS0298,Fresher,AUTH,Client Beta,TR006,Generic Training,Classroom,2026-01-12 00:00:00,2026-01-18 00:00:00,7,7,56,47.2,23,24.2,53.6,88.1,71,1,Yes,96.8,69.3,2,0,0.4,Completed,Jan-2026,3,0
1190,BAT202601-30,ASS0298,Fresher,AUTH,Client Beta,TR006,CST,Hybrid,2026-01-19 00:00:00,2026-01-21 00:00:00,3,3,24,20.7,11.3,9.4,25.8,80.2,82,1,Yes,76.7,67.6,4,0,0.2,Completed,Jan-2026,4,0
1191,BAT202601-30,ASS0298,Fresher,AUTH,Client Beta,TR006,LAW,Hybrid,2026-01-22 00:00:00,2026-01-31 00:00:00,10,10,80,80,54.3,25.7,74.9,106.8,77,3,No,80.2,85.1,6,1,6.3,Completed,Jan-2026,4,0
1192,BAT202602-30,ASS0298,Fresher,AUTH,Client Beta,TR006,OJT,Floor,2026-02-01 00:00:00,2026-02-25 00:00:00,25,25,200,188.5,128.7,59.8,188.6,99.9,73,1,Yes,84,78.4,2,1,0.8,Completed,Feb-2026,5,0
1193,BAT202605-30,ASS0299,Experienced,Payment Posting,River Health,TR001,Generic Training,Floor,2026-05-09 00:00:00,2026-05-11 00:00:00,3,3,24,22,16.3,5.7,24,91.7,81,1,Yes,72.6,73.2,0,3,2,Completed,May-2026,19,0
1194,BAT202605-30,ASS0299,Experienced,Payment Posting,River Health,TR001,CST,Classroom,2026-05-12 00:00:00,2026-05-14 00:00:00,3,3,24,23,16.7,6.3,23.6,97.5,77,1,Yes,100,83.8,1,0,1.6,Completed,May-2026,20,0
1195,BAT202605-30,ASS0299,Experienced,Payment Posting,River Health,TR001,LAW,Hybrid,2026-05-15 00:00:00,2026-05-19 00:00:00,5,5,40,37.3,27.3,10,39.6,94.2,83,3,No,76.1,72.3,6,5,2.2,Completed,May-2026,20,0
1196,BAT202605-30,ASS0299,Experienced,Payment Posting,River Health,TR001,OJT,Hybrid,2026-05-20 00:00:00,2026-06-03 00:00:00,15,15,120,98.1,69.5,28.6,124.7,78.7,80,1,Yes,87.5,93.1,3,1,0.5,Completed,May-2026,21,0
1197,BAT202601-30,ASS0300,Fresher,BRCM,Client Gamma,TR006,Generic Training,Floor,2026-01-17 00:00:00,2026-01-24 00:00:00,8,8,64,60.3,30.3,30,60.9,99,79,1,Yes,100,80.3,1,0,1.1,Completed,Jan-2026,3,0
1198,BAT202601-30,ASS0300,Fresher,BRCM,Client Gamma,TR006,CST,Classroom,2026-01-25 00:00:00,2026-01-27 00:00:00,3,3,24,21.2,15.5,5.7,24.7,85.8,82,1,Yes,98.5,75.9,1,1,1.8,Completed,Jan-2026,4,0
1199,BAT202601-30,ASS0300,Fresher,BRCM,Client Gamma,TR006,LAW,Classroom,2026-01-28 00:00:00,2026-02-06 00:00:00,10,10,80,78.6,56,22.6,77.9,100.9,83,1,Yes,84.8,86.3,3,1,1.7,Completed,Jan-2026,5,0
1200,BAT202602-30,ASS0300,Fresher,BRCM,Client Gamma,TR006,OJT,Classroom,2026-02-07 00:00:00,2026-03-03 00:00:00,25,25,200,190.3,135.8,54.5,214.1,88.9,88,1,Yes,100,84.3,3,0,1.5,Completed,Feb-2026,6,0
